Start Time, Fri Apr 17 14:08:43 GMT-0400 2026
Energy calibration,  Offset: -15.219706535339355, Slope: 0.7653962969779968, Quadratic: 0
Live Time (s), 120
Real Time (s), 120.580528
Elapsed Computational, 0
Spectrum
Channel, Energy (keV), Counts
1, -14.454310238361359, 0
2, -13.688913941383362, 0
3, -12.923517644405365, 0
4, -12.158121347427368, 0
5, -11.392725050449371, 1
6, -10.627328753471375, 0
7, -9.861932456493378, 10
8, -9.09653615951538, 33
9, -8.331139862537384, 32
10, -7.565743565559387, 42
11, -6.80034726858139, 47
12, -6.0349509716033936, 25
13, -5.269554674625397, 40
14, -4.5041583776474, 43
15, -3.738762080669403, 31
16, -2.9733657836914063, 39
17, -2.2079694867134094, 37
18, -1.4425731897354126, 33
19, -0.6771768927574158, 35
20, 0.08821940422058105, 41
21, 0.8536157011985779, 35
22, 1.6190119981765747, 43
23, 2.3844082951545715, 46
24, 3.1498045921325684, 42
25, 3.915200889110565, 33
26, 4.680597186088562, 41
27, 5.445993483066559, 38
28, 6.211389780044556, 35
29, 6.9767860770225525, 55
30, 7.742182374000549, 46
31, 8.507578670978546, 54
32, 9.272974967956543, 52
33, 10.03837126493454, 47
34, 10.803767561912537, 61
35, 11.569163858890533, 58
36, 12.33456015586853, 53
37, 13.099956452846527, 57
38, 13.865352749824524, 50
39, 14.63074904680252, 64
40, 15.396145343780518, 56
41, 16.161541640758514, 52
42, 16.92693793773651, 54
43, 17.692334234714508, 59
44, 18.457730531692505, 72
45, 19.2231268286705, 64
46, 19.9885231256485, 79
47, 20.753919422626495, 85
48, 21.519315719604492, 60
49, 22.28471201658249, 60
50, 23.050108313560486, 74
51, 23.815504610538483, 70
52, 24.58090090751648, 82
53, 25.346297204494476, 86
54, 26.111693501472473, 86
55, 26.87708979845047, 67
56, 27.642486095428467, 71
57, 28.407882392406464, 54
58, 29.17327868938446, 68
59, 29.938674986362457, 90
60, 30.704071283340454, 78
61, 31.46946758031845, 75
62, 32.23486387729645, 81
63, 33.000260174274445, 81
64, 33.76565647125244, 86
65, 34.53105276823044, 79
66, 35.296449065208435, 81
67, 36.06184536218643, 95
68, 36.82724165916443, 93
69, 37.592637956142426, 84
70, 38.35803425312042, 96
71, 39.12343055009842, 95
72, 39.888826847076416, 79
73, 40.65422314405441, 108
74, 41.41961944103241, 105
75, 42.18501573801041, 111
76, 42.9504120349884, 126
77, 43.7158083319664, 120
78, 44.4812046289444, 128
79, 45.246600925922394, 136
80, 46.01199722290039, 114
81, 46.77739351987839, 148
82, 47.542789816856384, 124
83, 48.30818611383438, 141
84, 49.07358241081238, 138
85, 49.838978707790375, 166
86, 50.60437500476837, 153
87, 51.36977130174637, 137
88, 52.135167598724365, 158
89, 52.90056389570236, 168
90, 53.66596019268036, 163
91, 54.431356489658356, 176
92, 55.19675278663635, 193
93, 55.96214908361435, 186
94, 56.727545380592346, 203
95, 57.49294167757034, 213
96, 58.25833797454834, 183
97, 59.02373427152634, 186
98, 59.78913056850433, 191
99, 60.55452686548233, 189
100, 61.31992316246033, 193
101, 62.085319459438324, 213
102, 62.85071575641632, 212
103, 63.61611205339432, 260
104, 64.38150835037231, 264
105, 65.14690464735031, 234
106, 65.91230094432831, 228
107, 66.6776972413063, 225
108, 67.4430935382843, 222
109, 68.2084898352623, 235
110, 68.9738861322403, 252
111, 69.73928242921829, 238
112, 70.50467872619629, 257
113, 71.27007502317429, 266
114, 72.03547132015228, 272
115, 72.80086761713028, 247
116, 73.56626391410828, 271
117, 74.33166021108627, 261
118, 75.09705650806427, 252
119, 75.86245280504227, 234
120, 76.62784910202026, 296
121, 77.39324539899826, 255
122, 78.15864169597626, 264
123, 78.92403799295425, 271
124, 79.68943428993225, 262
125, 80.45483058691025, 281
126, 81.22022688388824, 249
127, 81.98562318086624, 259
128, 82.75101947784424, 270
129, 83.51641577482224, 283
130, 84.28181207180023, 255
131, 85.04720836877823, 250
132, 85.81260466575623, 256
133, 86.57800096273422, 287
134, 87.34339725971222, 268
135, 88.10879355669022, 270
136, 88.87418985366821, 276
137, 89.63958615064621, 292
138, 90.4049824476242, 299
139, 91.1703787446022, 271
140, 91.9357750415802, 283
141, 92.7011713385582, 247
142, 93.4665676355362, 277
143, 94.23196393251419, 281
144, 94.99736022949219, 275
145, 95.76275652647018, 250
146, 96.52815282344818, 285
147, 97.29354912042618, 303
148, 98.05894541740417, 272
149, 98.82434171438217, 281
150, 99.58973801136017, 248
151, 100.35513430833817, 277
152, 101.12053060531616, 271
153, 101.88592690229416, 233
154, 102.65132319927216, 257
155, 103.41671949625015, 276
156, 104.18211579322815, 299
157, 104.94751209020615, 268
158, 105.71290838718414, 262
159, 106.47830468416214, 267
160, 107.24370098114014, 287
161, 108.00909727811813, 258
162, 108.77449357509613, 271
163, 109.53988987207413, 223
164, 110.30528616905212, 259
165, 111.07068246603012, 277
166, 111.83607876300812, 273
167, 112.60147505998611, 235
168, 113.36687135696411, 262
169, 114.13226765394211, 258
170, 114.8976639509201, 267
171, 115.6630602478981, 269
172, 116.4284565448761, 240
173, 117.1938528418541, 253
174, 117.95924913883209, 264
175, 118.72464543581009, 225
176, 119.49004173278809, 253
177, 120.25543802976608, 247
178, 121.02083432674408, 254
179, 121.78623062372208, 232
180, 122.55162692070007, 246
181, 123.31702321767807, 245
182, 124.08241951465607, 247
183, 124.84781581163406, 237
184, 125.61321210861206, 265
185, 126.37860840559006, 241
186, 127.14400470256805, 248
187, 127.90940099954605, 257
188, 128.67479729652405, 281
189, 129.44019359350204, 249
190, 130.20558989048004, 275
191, 130.97098618745804, 231
192, 131.73638248443604, 230
193, 132.50177878141403, 230
194, 133.26717507839203, 234
195, 134.03257137537003, 205
196, 134.79796767234802, 257
197, 135.56336396932602, 235
198, 136.32876026630402, 221
199, 137.094156563282, 236
200, 137.85955286026, 247
201, 138.624949157238, 208
202, 139.390345454216, 212
203, 140.155741751194, 200
204, 140.921138048172, 234
205, 141.68653434515, 235
206, 142.451930642128, 228
207, 143.217326939106, 212
208, 143.98272323608398, 209
209, 144.74811953306198, 219
210, 145.51351583003998, 203
211, 146.27891212701797, 205
212, 147.04430842399597, 227
213, 147.80970472097397, 195
214, 148.57510101795197, 223
215, 149.34049731492996, 193
216, 150.10589361190796, 198
217, 150.87128990888596, 196
218, 151.63668620586395, 192
219, 152.40208250284195, 211
220, 153.16747879981995, 202
221, 153.93287509679794, 192
222, 154.69827139377594, 186
223, 155.46366769075394, 185
224, 156.22906398773193, 198
225, 156.99446028470993, 203
226, 157.75985658168793, 167
227, 158.52525287866592, 193
228, 159.29064917564392, 193
229, 160.05604547262192, 205
230, 160.82144176959991, 220
231, 161.5868380665779, 182
232, 162.3522343635559, 197
233, 163.1176306605339, 188
234, 163.8830269575119, 172
235, 164.6484232544899, 189
236, 165.4138195514679, 149
237, 166.1792158484459, 181
238, 166.9446121454239, 186
239, 167.7100084424019, 186
240, 168.47540473937988, 189
241, 169.24080103635788, 177
242, 170.00619733333588, 165
243, 170.77159363031387, 188
244, 171.53698992729187, 175
245, 172.30238622426987, 185
246, 173.06778252124786, 174
247, 173.83317881822586, 157
248, 174.59857511520386, 158
249, 175.36397141218185, 192
250, 176.12936770915985, 162
251, 176.89476400613785, 169
252, 177.66016030311584, 160
253, 178.42555660009384, 187
254, 179.19095289707184, 165
255, 179.95634919404984, 173
256, 180.72174549102783, 149
257, 181.48714178800583, 187
258, 182.25253808498383, 155
259, 183.01793438196182, 152
260, 183.78333067893982, 153
261, 184.54872697591782, 158
262, 185.3141232728958, 168
263, 186.0795195698738, 159
264, 186.8449158668518, 161
265, 187.6103121638298, 133
266, 188.3757084608078, 137
267, 189.1411047577858, 142
268, 189.9065010547638, 150
269, 190.6718973517418, 159
270, 191.4372936487198, 149
271, 192.20268994569778, 161
272, 192.96808624267578, 146
273, 193.73348253965378, 131
274, 194.49887883663177, 138
275, 195.26427513360977, 153
276, 196.02967143058777, 163
277, 196.79506772756577, 159
278, 197.56046402454376, 139
279, 198.32586032152176, 133
280, 199.09125661849976, 125
281, 199.85665291547775, 124
282, 200.62204921245575, 127
283, 201.38744550943375, 150
284, 202.15284180641174, 142
285, 202.91823810338974, 139
286, 203.68363440036774, 131
287, 204.44903069734573, 122
288, 205.21442699432373, 155
289, 205.97982329130173, 144
290, 206.74521958827972, 126
291, 207.51061588525772, 131
292, 208.27601218223572, 144
293, 209.04140847921371, 137
294, 209.8068047761917, 140
295, 210.5722010731697, 134
296, 211.3375973701477, 135
297, 212.1029936671257, 119
298, 212.8683899641037, 141
299, 213.6337862610817, 120
300, 214.3991825580597, 144
301, 215.1645788550377, 139
302, 215.9299751520157, 124
303, 216.69537144899368, 130
304, 217.46076774597168, 148
305, 218.22616404294968, 129
306, 218.99156033992767, 138
307, 219.75695663690567, 107
308, 220.52235293388367, 130
309, 221.28774923086166, 124
310, 222.05314552783966, 126
311, 222.81854182481766, 118
312, 223.58393812179565, 140
313, 224.34933441877365, 139
314, 225.11473071575165, 128
315, 225.88012701272964, 129
316, 226.64552330970764, 121
317, 227.41091960668564, 136
318, 228.17631590366364, 139
319, 228.94171220064163, 102
320, 229.70710849761963, 113
321, 230.47250479459763, 137
322, 231.23790109157562, 131
323, 232.00329738855362, 120
324, 232.76869368553162, 126
325, 233.5340899825096, 111
326, 234.2994862794876, 112
327, 235.0648825764656, 110
328, 235.8302788734436, 117
329, 236.5956751704216, 105
330, 237.3610714673996, 108
331, 238.1264677643776, 136
332, 238.8918640613556, 124
333, 239.6572603583336, 100
334, 240.42265665531158, 118
335, 241.18805295228958, 96
336, 241.95344924926758, 95
337, 242.71884554624557, 117
338, 243.48424184322357, 114
339, 244.24963814020157, 100
340, 245.01503443717957, 97
341, 245.78043073415756, 97
342, 246.54582703113556, 97
343, 247.31122332811356, 109
344, 248.07661962509155, 107
345, 248.84201592206955, 90
346, 249.60741221904755, 106
347, 250.37280851602554, 90
348, 251.13820481300354, 89
349, 251.90360110998154, 78
350, 252.66899740695953, 100
351, 253.43439370393753, 92
352, 254.19979000091553, 83
353, 254.96518629789352, 100
354, 255.73058259487152, 94
355, 256.4959788918495, 93
356, 257.2613751888275, 91
357, 258.0267714858055, 108
358, 258.7921677827835, 87
359, 259.5575640797615, 86
360, 260.3229603767395, 74
361, 261.0883566737175, 86
362, 261.8537529706955, 89
363, 262.6191492676735, 91
364, 263.3845455646515, 77
365, 264.1499418616295, 88
366, 264.9153381586075, 59
367, 265.6807344555855, 75
368, 266.4461307525635, 84
369, 267.2115270495415, 77
370, 267.97692334651947, 87
371, 268.74231964349747, 70
372, 269.50771594047546, 80
373, 270.27311223745346, 87
374, 271.03850853443146, 84
375, 271.80390483140945, 68
376, 272.56930112838745, 81
377, 273.33469742536545, 78
378, 274.10009372234344, 66
379, 274.86549001932144, 77
380, 275.63088631629944, 75
381, 276.39628261327744, 60
382, 277.16167891025543, 62
383, 277.92707520723343, 78
384, 278.6924715042114, 83
385, 279.4578678011894, 87
386, 280.2232640981674, 77
387, 280.9886603951454, 69
388, 281.7540566921234, 81
389, 282.5194529891014, 72
390, 283.2848492860794, 75
391, 284.0502455830574, 55
392, 284.8156418800354, 72
393, 285.5810381770134, 60
394, 286.3464344739914, 57
395, 287.1118307709694, 76
396, 287.8772270679474, 79
397, 288.6426233649254, 77
398, 289.4080196619034, 84
399, 290.1734159588814, 66
400, 290.9388122558594, 52
401, 291.7042085528374, 79
402, 292.46960484981537, 73
403, 293.23500114679337, 68
404, 294.00039744377136, 65
405, 294.76579374074936, 79
406, 295.53119003772736, 75
407, 296.29658633470535, 81
408, 297.06198263168335, 62
409, 297.82737892866135, 52
410, 298.59277522563934, 70
411, 299.35817152261734, 59
412, 300.12356781959534, 77
413, 300.88896411657333, 68
414, 301.65436041355133, 64
415, 302.4197567105293, 76
416, 303.1851530075073, 65
417, 303.9505493044853, 73
418, 304.7159456014633, 52
419, 305.4813418984413, 63
420, 306.2467381954193, 62
421, 307.0121344923973, 57
422, 307.7775307893753, 69
423, 308.5429270863533, 67
424, 309.3083233833313, 64
425, 310.0737196803093, 57
426, 310.8391159772873, 57
427, 311.6045122742653, 58
428, 312.3699085712433, 60
429, 313.1353048682213, 60
430, 313.9007011651993, 55
431, 314.6660974621773, 55
432, 315.4314937591553, 49
433, 316.19689005613327, 52
434, 316.96228635311127, 61
435, 317.72768265008926, 62
436, 318.49307894706726, 61
437, 319.25847524404526, 59
438, 320.02387154102325, 63
439, 320.78926783800125, 62
440, 321.55466413497925, 49
441, 322.32006043195724, 60
442, 323.08545672893524, 50
443, 323.85085302591324, 61
444, 324.61624932289124, 55
445, 325.38164561986923, 55
446, 326.14704191684723, 63
447, 326.9124382138252, 60
448, 327.6778345108032, 62
449, 328.4432308077812, 58
450, 329.2086271047592, 54
451, 329.9740234017372, 65
452, 330.7394196987152, 58
453, 331.5048159956932, 48
454, 332.2702122926712, 64
455, 333.0356085896492, 45
456, 333.8010048866272, 62
457, 334.5664011836052, 50
458, 335.3317974805832, 53
459, 336.0971937775612, 50
460, 336.8625900745392, 63
461, 337.6279863715172, 61
462, 338.3933826684952, 50
463, 339.1587789654732, 46
464, 339.9241752624512, 57
465, 340.68957155942917, 55
466, 341.45496785640717, 51
467, 342.22036415338516, 52
468, 342.98576045036316, 53
469, 343.75115674734116, 40
470, 344.51655304431915, 68
471, 345.28194934129715, 52
472, 346.04734563827515, 55
473, 346.81274193525314, 59
474, 347.57813823223114, 55
475, 348.34353452920914, 57
476, 349.10893082618713, 51
477, 349.87432712316513, 46
478, 350.6397234201431, 56
479, 351.4051197171211, 43
480, 352.1705160140991, 45
481, 352.9359123110771, 52
482, 353.7013086080551, 57
483, 354.4667049050331, 44
484, 355.2321012020111, 57
485, 355.9974974989891, 48
486, 356.7628937959671, 51
487, 357.5282900929451, 47
488, 358.2936863899231, 36
489, 359.0590826869011, 45
490, 359.8244789838791, 39
491, 360.5898752808571, 46
492, 361.3552715778351, 40
493, 362.1206678748131, 36
494, 362.8860641717911, 50
495, 363.6514604687691, 45
496, 364.41685676574707, 52
497, 365.18225306272507, 37
498, 365.94764935970306, 30
499, 366.71304565668106, 43
500, 367.47844195365906, 43
501, 368.24383825063705, 48
502, 369.00923454761505, 49
503, 369.77463084459305, 51
504, 370.54002714157104, 26
505, 371.30542343854904, 56
506, 372.07081973552704, 28
507, 372.83621603250504, 43
508, 373.60161232948303, 40
509, 374.36700862646103, 45
510, 375.132404923439, 41
511, 375.897801220417, 32
512, 376.663197517395, 45
513, 377.428593814373, 23
514, 378.193990111351, 28
515, 378.959386408329, 42
516, 379.724782705307, 38
517, 380.490179002285, 36
518, 381.255575299263, 39
519, 382.020971596241, 36
520, 382.786367893219, 40
521, 383.551764190197, 37
522, 384.317160487175, 44
523, 385.082556784153, 37
524, 385.847953081131, 37
525, 386.613349378109, 26
526, 387.378745675087, 30
527, 388.144141972065, 25
528, 388.90953826904297, 26
529, 389.67493456602097, 38
530, 390.44033086299896, 32
531, 391.20572715997696, 40
532, 391.97112345695496, 36
533, 392.73651975393295, 31
534, 393.50191605091095, 42
535, 394.26731234788895, 38
536, 395.03270864486694, 25
537, 395.79810494184494, 28
538, 396.56350123882294, 33
539, 397.32889753580093, 28
540, 398.09429383277893, 35
541, 398.8596901297569, 31
542, 399.6250864267349, 34
543, 400.3904827237129, 29
544, 401.1558790206909, 39
545, 401.9212753176689, 27
546, 402.6866716146469, 35
547, 403.4520679116249, 29
548, 404.2174642086029, 23
549, 404.9828605055809, 25
550, 405.7482568025589, 27
551, 406.5136530995369, 29
552, 407.2790493965149, 38
553, 408.0444456934929, 21
554, 408.8098419904709, 24
555, 409.5752382874489, 25
556, 410.3406345844269, 33
557, 411.1060308814049, 25
558, 411.8714271783829, 37
559, 412.63682347536087, 24
560, 413.40221977233887, 28
561, 414.16761606931686, 37
562, 414.93301236629486, 26
563, 415.69840866327286, 34
564, 416.46380496025085, 16
565, 417.22920125722885, 37
566, 417.99459755420685, 36
567, 418.75999385118484, 41
568, 419.52539014816284, 34
569, 420.29078644514084, 17
570, 421.05618274211884, 31
571, 421.82157903909683, 27
572, 422.58697533607483, 29
573, 423.3523716330528, 23
574, 424.1177679300308, 35
575, 424.8831642270088, 33
576, 425.6485605239868, 33
577, 426.4139568209648, 34
578, 427.1793531179428, 28
579, 427.9447494149208, 28
580, 428.7101457118988, 22
581, 429.4755420088768, 25
582, 430.2409383058548, 38
583, 431.0063346028328, 26
584, 431.7717308998108, 22
585, 432.5371271967888, 43
586, 433.3025234937668, 29
587, 434.0679197907448, 36
588, 434.8333160877228, 24
589, 435.5987123847008, 32
590, 436.3641086816788, 22
591, 437.12950497865677, 32
592, 437.89490127563477, 29
593, 438.66029757261276, 32
594, 439.42569386959076, 26
595, 440.19109016656876, 34
596, 440.95648646354675, 26
597, 441.72188276052475, 25
598, 442.48727905750275, 28
599, 443.25267535448074, 27
600, 444.01807165145874, 26
601, 444.78346794843674, 26
602, 445.54886424541473, 29
603, 446.31426054239273, 19
604, 447.0796568393707, 20
605, 447.8450531363487, 25
606, 448.6104494333267, 27
607, 449.3758457303047, 24
608, 450.1412420272827, 34
609, 450.9066383242607, 28
610, 451.6720346212387, 22
611, 452.4374309182167, 15
612, 453.2028272151947, 25
613, 453.9682235121727, 14
614, 454.7336198091507, 32
615, 455.4990161061287, 18
616, 456.2644124031067, 21
617, 457.0298087000847, 29
618, 457.7952049970627, 19
619, 458.5606012940407, 32
620, 459.3259975910187, 30
621, 460.0913938879967, 23
622, 460.85679018497467, 30
623, 461.62218648195267, 23
624, 462.38758277893066, 17
625, 463.15297907590866, 36
626, 463.91837537288666, 27
627, 464.68377166986465, 22
628, 465.44916796684265, 35
629, 466.21456426382065, 31
630, 466.97996056079865, 16
631, 467.74535685777664, 30
632, 468.51075315475464, 20
633, 469.27614945173264, 26
634, 470.04154574871063, 27
635, 470.80694204568863, 21
636, 471.5723383426666, 22
637, 472.3377346396446, 18
638, 473.1031309366226, 25
639, 473.8685272336006, 15
640, 474.6339235305786, 23
641, 475.3993198275566, 27
642, 476.1647161245346, 18
643, 476.9301124215126, 28
644, 477.6955087184906, 18
645, 478.4609050154686, 26
646, 479.2263013124466, 30
647, 479.9916976094246, 35
648, 480.7570939064026, 22
649, 481.5224902033806, 28
650, 482.2878865003586, 19
651, 483.0532827973366, 23
652, 483.8186790943146, 31
653, 484.5840753912926, 25
654, 485.34947168827057, 15
655, 486.11486798524857, 27
656, 486.88026428222656, 18
657, 487.64566057920456, 26
658, 488.41105687618256, 25
659, 489.17645317316055, 23
660, 489.94184947013855, 20
661, 490.70724576711655, 30
662, 491.47264206409454, 26
663, 492.23803836107254, 22
664, 493.00343465805054, 15
665, 493.76883095502853, 18
666, 494.53422725200653, 21
667, 495.2996235489845, 24
668, 496.0650198459625, 20
669, 496.8304161429405, 23
670, 497.5958124399185, 23
671, 498.3612087368965, 16
672, 499.1266050338745, 16
673, 499.8920013308525, 24
674, 500.6573976278305, 21
675, 501.4227939248085, 19
676, 502.1881902217865, 31
677, 502.9535865187645, 22
678, 503.7189828157425, 24
679, 504.4843791127205, 25
680, 505.2497754096985, 22
681, 506.0151717066765, 20
682, 506.7805680036545, 21
683, 507.5459643006325, 35
684, 508.3113605976105, 18
685, 509.07675689458847, 25
686, 509.84215319156647, 28
687, 510.60754948854446, 26
688, 511.37294578552246, 26
689, 512.1383420825005, 26
690, 512.9037383794785, 24
691, 513.6691346764565, 15
692, 514.4345309734344, 18
693, 515.1999272704124, 28
694, 515.9653235673904, 21
695, 516.7307198643684, 23
696, 517.4961161613464, 25
697, 518.2615124583244, 21
698, 519.0269087553024, 21
699, 519.7923050522804, 21
700, 520.5577013492584, 22
701, 521.3230976462364, 14
702, 522.0884939432144, 22
703, 522.8538902401924, 23
704, 523.6192865371704, 25
705, 524.3846828341484, 20
706, 525.1500791311264, 22
707, 525.9154754281044, 24
708, 526.6808717250824, 27
709, 527.4462680220604, 22
710, 528.2116643190384, 17
711, 528.9770606160164, 25
712, 529.7424569129944, 12
713, 530.5078532099724, 19
714, 531.2732495069504, 21
715, 532.0386458039284, 22
716, 532.8040421009064, 28
717, 533.5694383978844, 18
718, 534.3348346948624, 20
719, 535.1002309918404, 15
720, 535.8656272888184, 24
721, 536.6310235857964, 18
722, 537.3964198827744, 18
723, 538.1618161797523, 18
724, 538.9272124767303, 21
725, 539.6926087737083, 18
726, 540.4580050706863, 22
727, 541.2234013676643, 13
728, 541.9887976646423, 21
729, 542.7541939616203, 12
730, 543.5195902585983, 14
731, 544.2849865555763, 22
732, 545.0503828525543, 14
733, 545.8157791495323, 20
734, 546.5811754465103, 25
735, 547.3465717434883, 22
736, 548.1119680404663, 23
737, 548.8773643374443, 15
738, 549.6427606344223, 24
739, 550.4081569314003, 20
740, 551.1735532283783, 26
741, 551.9389495253563, 20
742, 552.7043458223343, 29
743, 553.4697421193123, 20
744, 554.2351384162903, 12
745, 555.0005347132683, 33
746, 555.7659310102463, 25
747, 556.5313273072243, 19
748, 557.2967236042023, 17
749, 558.0621199011803, 21
750, 558.8275161981583, 26
751, 559.5929124951363, 16
752, 560.3583087921143, 16
753, 561.1237050890923, 15
754, 561.8891013860703, 21
755, 562.6544976830482, 19
756, 563.4198939800262, 23
757, 564.1852902770042, 12
758, 564.9506865739822, 16
759, 565.7160828709602, 21
760, 566.4814791679382, 25
761, 567.2468754649162, 18
762, 568.0122717618942, 17
763, 568.7776680588722, 27
764, 569.5430643558502, 21
765, 570.3084606528282, 21
766, 571.0738569498062, 20
767, 571.8392532467842, 26
768, 572.6046495437622, 19
769, 573.3700458407402, 24
770, 574.1354421377182, 24
771, 574.9008384346962, 21
772, 575.6662347316742, 18
773, 576.4316310286522, 28
774, 577.1970273256302, 24
775, 577.9624236226082, 22
776, 578.7278199195862, 34
777, 579.4932162165642, 18
778, 580.2586125135422, 22
779, 581.0240088105202, 19
780, 581.7894051074982, 24
781, 582.5548014044762, 26
782, 583.3201977014542, 17
783, 584.0855939984322, 27
784, 584.8509902954102, 28
785, 585.6163865923882, 19
786, 586.3817828893661, 27
787, 587.1471791863441, 19
788, 587.9125754833221, 20
789, 588.6779717803001, 25
790, 589.4433680772781, 23
791, 590.2087643742561, 24
792, 590.9741606712341, 22
793, 591.7395569682121, 15
794, 592.5049532651901, 21
795, 593.2703495621681, 27
796, 594.0357458591461, 27
797, 594.8011421561241, 24
798, 595.5665384531021, 17
799, 596.3319347500801, 22
800, 597.0973310470581, 23
801, 597.8627273440361, 25
802, 598.6281236410141, 17
803, 599.3935199379921, 23
804, 600.1589162349701, 31
805, 600.9243125319481, 28
806, 601.6897088289261, 23
807, 602.4551051259041, 28
808, 603.2205014228821, 23
809, 603.9858977198601, 15
810, 604.7512940168381, 35
811, 605.5166903138161, 19
812, 606.2820866107941, 20
813, 607.0474829077721, 26
814, 607.8128792047501, 26
815, 608.5782755017281, 20
816, 609.343671798706, 18
817, 610.109068095684, 22
818, 610.874464392662, 31
819, 611.63986068964, 8
820, 612.405256986618, 28
821, 613.170653283596, 27
822, 613.936049580574, 19
823, 614.701445877552, 24
824, 615.46684217453, 23
825, 616.232238471508, 12
826, 616.997634768486, 12
827, 617.763031065464, 18
828, 618.528427362442, 22
829, 619.29382365942, 16
830, 620.059219956398, 16
831, 620.824616253376, 22
832, 621.590012550354, 28
833, 622.355408847332, 21
834, 623.12080514431, 12
835, 623.886201441288, 15
836, 624.651597738266, 17
837, 625.416994035244, 14
838, 626.182390332222, 15
839, 626.9477866292, 15
840, 627.713182926178, 11
841, 628.478579223156, 15
842, 629.243975520134, 15
843, 630.009371817112, 17
844, 630.77476811409, 16
845, 631.540164411068, 17
846, 632.305560708046, 14
847, 633.070957005024, 22
848, 633.836353302002, 15
849, 634.60174959898, 7
850, 635.367145895958, 13
851, 636.132542192936, 12
852, 636.8979384899139, 24
853, 637.6633347868919, 30
854, 638.4287310838699, 11
855, 639.1941273808479, 22
856, 639.9595236778259, 19
857, 640.7249199748039, 13
858, 641.4903162717819, 16
859, 642.2557125687599, 21
860, 643.0211088657379, 5
861, 643.7865051627159, 15
862, 644.5519014596939, 14
863, 645.3172977566719, 17
864, 646.0826940536499, 24
865, 646.8480903506279, 19
866, 647.6134866476059, 11
867, 648.3788829445839, 12
868, 649.1442792415619, 16
869, 649.9096755385399, 11
870, 650.6750718355179, 10
871, 651.4404681324959, 18
872, 652.2058644294739, 14
873, 652.9712607264519, 16
874, 653.7366570234299, 15
875, 654.5020533204079, 14
876, 655.2674496173859, 10
877, 656.0328459143639, 13
878, 656.7982422113419, 16
879, 657.5636385083199, 14
880, 658.3290348052979, 11
881, 659.0944311022758, 15
882, 659.8598273992538, 19
883, 660.6252236962318, 13
884, 661.3906199932098, 17
885, 662.1560162901878, 16
886, 662.9214125871658, 10
887, 663.6868088841438, 18
888, 664.4522051811218, 11
889, 665.2176014780998, 13
890, 665.9829977750778, 14
891, 666.7483940720558, 18
892, 667.5137903690338, 10
893, 668.2791866660118, 9
894, 669.0445829629898, 10
895, 669.8099792599678, 9
896, 670.5753755569458, 23
897, 671.3407718539238, 10
898, 672.1061681509018, 9
899, 672.8715644478798, 15
900, 673.6369607448578, 9
901, 674.4023570418358, 17
902, 675.1677533388138, 12
903, 675.9331496357918, 17
904, 676.6985459327698, 11
905, 677.4639422297478, 17
906, 678.2293385267258, 15
907, 678.9947348237038, 11
908, 679.7601311206818, 8
909, 680.5255274176598, 9
910, 681.2909237146378, 8
911, 682.0563200116158, 13
912, 682.8217163085938, 11
913, 683.5871126055717, 11
914, 684.3525089025497, 9
915, 685.1179051995277, 14
916, 685.8833014965057, 6
917, 686.6486977934837, 15
918, 687.4140940904617, 6
919, 688.1794903874397, 10
920, 688.9448866844177, 14
921, 689.7102829813957, 16
922, 690.4756792783737, 12
923, 691.2410755753517, 21
924, 692.0064718723297, 12
925, 692.7718681693077, 12
926, 693.5372644662857, 16
927, 694.3026607632637, 5
928, 695.0680570602417, 18
929, 695.8334533572197, 11
930, 696.5988496541977, 17
931, 697.3642459511757, 11
932, 698.1296422481537, 20
933, 698.8950385451317, 7
934, 699.6604348421097, 17
935, 700.4258311390877, 11
936, 701.1912274360657, 10
937, 701.9566237330437, 10
938, 702.7220200300217, 17
939, 703.4874163269997, 11
940, 704.2528126239777, 10
941, 705.0182089209557, 13
942, 705.7836052179337, 9
943, 706.5490015149117, 12
944, 707.3143978118896, 10
945, 708.0797941088676, 9
946, 708.8451904058456, 9
947, 709.6105867028236, 9
948, 710.3759829998016, 12
949, 711.1413792967796, 11
950, 711.9067755937576, 11
951, 712.6721718907356, 4
952, 713.4375681877136, 8
953, 714.2029644846916, 12
954, 714.9683607816696, 9
955, 715.7337570786476, 15
956, 716.4991533756256, 15
957, 717.2645496726036, 10
958, 718.0299459695816, 17
959, 718.7953422665596, 10
960, 719.5607385635376, 13
961, 720.3261348605156, 11
962, 721.0915311574936, 8
963, 721.8569274544716, 6
964, 722.6223237514496, 7
965, 723.3877200484276, 17
966, 724.1531163454056, 15
967, 724.9185126423836, 7
968, 725.6839089393616, 9
969, 726.4493052363396, 15
970, 727.2147015333176, 16
971, 727.9800978302956, 9
972, 728.7454941272736, 13
973, 729.5108904242516, 6
974, 730.2762867212296, 9
975, 731.0416830182076, 8
976, 731.8070793151855, 16
977, 732.5724756121635, 18
978, 733.3378719091415, 5
979, 734.1032682061195, 9
980, 734.8686645030975, 15
981, 735.6340608000755, 16
982, 736.3994570970535, 14
983, 737.1648533940315, 13
984, 737.9302496910095, 12
985, 738.6956459879875, 13
986, 739.4610422849655, 12
987, 740.2264385819435, 7
988, 740.9918348789215, 11
989, 741.7572311758995, 20
990, 742.5226274728775, 5
991, 743.2880237698555, 17
992, 744.0534200668335, 9
993, 744.8188163638115, 13
994, 745.5842126607895, 10
995, 746.3496089577675, 13
996, 747.1150052547455, 7
997, 747.8804015517235, 14
998, 748.6457978487015, 10
999, 749.4111941456795, 9
1000, 750.1765904426575, 12
1001, 750.9419867396355, 8
1002, 751.7073830366135, 8
1003, 752.4727793335915, 13
1004, 753.2381756305695, 11
1005, 754.0035719275475, 13
1006, 754.7689682245255, 14
1007, 755.5343645215034, 15
1008, 756.2997608184814, 12
1009, 757.0651571154594, 12
1010, 757.8305534124374, 8
1011, 758.5959497094154, 10
1012, 759.3613460063934, 13
1013, 760.1267423033714, 10
1014, 760.8921386003494, 9
1015, 761.6575348973274, 14
1016, 762.4229311943054, 7
1017, 763.1883274912834, 6
1018, 763.9537237882614, 6
1019, 764.7191200852394, 12
1020, 765.4845163822174, 8
1021, 766.2499126791954, 10
1022, 767.0153089761734, 10
1023, 767.7807052731514, 12
1024, 768.5461015701294, 11
1025, 769.3114978671074, 12
1026, 770.0768941640854, 7
1027, 770.8422904610634, 6
1028, 771.6076867580414, 4
1029, 772.3730830550194, 4
1030, 773.1384793519974, 8
1031, 773.9038756489754, 14
1032, 774.6692719459534, 11
1033, 775.4346682429314, 13
1034, 776.2000645399094, 5
1035, 776.9654608368874, 17
1036, 777.7308571338654, 11
1037, 778.4962534308434, 4
1038, 779.2616497278214, 11
1039, 780.0270460247993, 14
1040, 780.7924423217773, 13
1041, 781.5578386187553, 14
1042, 782.3232349157333, 10
1043, 783.0886312127113, 8
1044, 783.8540275096893, 5
1045, 784.6194238066673, 16
1046, 785.3848201036453, 15
1047, 786.1502164006233, 9
1048, 786.9156126976013, 9
1049, 787.6810089945793, 17
1050, 788.4464052915573, 6
1051, 789.2118015885353, 9
1052, 789.9771978855133, 10
1053, 790.7425941824913, 11
1054, 791.5079904794693, 4
1055, 792.2733867764473, 12
1056, 793.0387830734253, 11
1057, 793.8041793704033, 9
1058, 794.5695756673813, 5
1059, 795.3349719643593, 14
1060, 796.1003682613373, 12
1061, 796.8657645583153, 9
1062, 797.6311608552933, 6
1063, 798.3965571522713, 12
1064, 799.1619534492493, 6
1065, 799.9273497462273, 11
1066, 800.6927460432053, 9
1067, 801.4581423401833, 5
1068, 802.2235386371613, 8
1069, 802.9889349341393, 10
1070, 803.7543312311172, 5
1071, 804.5197275280952, 9
1072, 805.2851238250732, 8
1073, 806.0505201220512, 10
1074, 806.8159164190292, 14
1075, 807.5813127160072, 9
1076, 808.3467090129852, 9
1077, 809.1121053099632, 6
1078, 809.8775016069412, 12
1079, 810.6428979039192, 9
1080, 811.4082942008972, 7
1081, 812.1736904978752, 4
1082, 812.9390867948532, 7
1083, 813.7044830918312, 12
1084, 814.4698793888092, 9
1085, 815.2352756857872, 14
1086, 816.0006719827652, 10
1087, 816.7660682797432, 13
1088, 817.5314645767212, 6
1089, 818.2968608736992, 5
1090, 819.0622571706772, 10
1091, 819.8276534676552, 13
1092, 820.5930497646332, 8
1093, 821.3584460616112, 12
1094, 822.1238423585892, 11
1095, 822.8892386555672, 8
1096, 823.6546349525452, 7
1097, 824.4200312495232, 8
1098, 825.1854275465012, 11
1099, 825.9508238434792, 6
1100, 826.7162201404572, 10
1101, 827.4816164374352, 3
1102, 828.2470127344131, 12
1103, 829.0124090313911, 3
1104, 829.7778053283691, 3
1105, 830.5432016253471, 7
1106, 831.3085979223251, 8
1107, 832.0739942193031, 17
1108, 832.8393905162811, 10
1109, 833.6047868132591, 3
1110, 834.3701831102371, 11
1111, 835.1355794072151, 6
1112, 835.9009757041931, 12
1113, 836.6663720011711, 13
1114, 837.4317682981491, 13
1115, 838.1971645951271, 9
1116, 838.9625608921051, 12
1117, 839.7279571890831, 9
1118, 840.4933534860611, 5
1119, 841.2587497830391, 11
1120, 842.0241460800171, 8
1121, 842.7895423769951, 7
1122, 843.5549386739731, 10
1123, 844.3203349709511, 9
1124, 845.0857312679291, 9
1125, 845.8511275649071, 13
1126, 846.6165238618851, 12
1127, 847.3819201588631, 4
1128, 848.1473164558411, 10
1129, 848.9127127528191, 12
1130, 849.6781090497971, 7
1131, 850.443505346775, 13
1132, 851.208901643753, 6
1133, 851.974297940731, 8
1134, 852.739694237709, 6
1135, 853.505090534687, 12
1136, 854.270486831665, 9
1137, 855.035883128643, 12
1138, 855.801279425621, 9
1139, 856.566675722599, 11
1140, 857.332072019577, 10
1141, 858.097468316555, 10
1142, 858.862864613533, 9
1143, 859.628260910511, 10
1144, 860.393657207489, 13
1145, 861.159053504467, 16
1146, 861.924449801445, 9
1147, 862.689846098423, 13
1148, 863.455242395401, 16
1149, 864.220638692379, 6
1150, 864.986034989357, 11
1151, 865.751431286335, 10
1152, 866.516827583313, 9
1153, 867.282223880291, 16
1154, 868.047620177269, 10
1155, 868.813016474247, 13
1156, 869.578412771225, 18
1157, 870.343809068203, 10
1158, 871.109205365181, 7
1159, 871.874601662159, 9
1160, 872.639997959137, 10
1161, 873.405394256115, 7
1162, 874.170790553093, 9
1163, 874.936186850071, 9
1164, 875.701583147049, 8
1165, 876.466979444027, 12
1166, 877.232375741005, 8
1167, 877.9977720379829, 10
1168, 878.7631683349609, 11
1169, 879.5285646319389, 14
1170, 880.2939609289169, 6
1171, 881.0593572258949, 12
1172, 881.8247535228729, 8
1173, 882.5901498198509, 9
1174, 883.3555461168289, 8
1175, 884.1209424138069, 13
1176, 884.8863387107849, 7
1177, 885.6517350077629, 8
1178, 886.4171313047409, 10
1179, 887.1825276017189, 11
1180, 887.9479238986969, 12
1181, 888.7133201956749, 6
1182, 889.4787164926529, 9
1183, 890.2441127896309, 7
1184, 891.0095090866089, 9
1185, 891.7749053835869, 9
1186, 892.5403016805649, 10
1187, 893.3056979775429, 13
1188, 894.0710942745209, 10
1189, 894.8364905714989, 12
1190, 895.6018868684769, 9
1191, 896.3672831654549, 9
1192, 897.1326794624329, 7
1193, 897.8980757594109, 4
1194, 898.6634720563889, 8
1195, 899.4288683533669, 11
1196, 900.1942646503448, 11
1197, 900.9596609473228, 15
1198, 901.7250572443008, 8
1199, 902.4904535412788, 14
1200, 903.2558498382568, 9
1201, 904.0212461352348, 11
1202, 904.7866424322128, 9
1203, 905.5520387291908, 11
1204, 906.3174350261688, 7
1205, 907.0828313231468, 9
1206, 907.8482276201248, 4
1207, 908.6136239171028, 7
1208, 909.3790202140808, 6
1209, 910.1444165110588, 10
1210, 910.9098128080368, 7
1211, 911.6752091050148, 13
1212, 912.4406054019928, 10
1213, 913.2060016989708, 9
1214, 913.9713979959488, 7
1215, 914.7367942929268, 9
1216, 915.5021905899048, 17
1217, 916.2675868868828, 14
1218, 917.0329831838608, 9
1219, 917.7983794808388, 12
1220, 918.5637757778168, 3
1221, 919.3291720747948, 5
1222, 920.0945683717728, 14
1223, 920.8599646687508, 9
1224, 921.6253609657288, 8
1225, 922.3907572627068, 8
1226, 923.1561535596848, 8
1227, 923.9215498566628, 7
1228, 924.6869461536407, 9
1229, 925.4523424506187, 8
1230, 926.2177387475967, 12
1231, 926.9831350445747, 9
1232, 927.7485313415527, 11
1233, 928.5139276385307, 6
1234, 929.2793239355087, 6
1235, 930.0447202324867, 10
1236, 930.8101165294647, 8
1237, 931.5755128264427, 12
1238, 932.3409091234207, 8
1239, 933.1063054203987, 9
1240, 933.8717017173767, 11
1241, 934.6370980143547, 8
1242, 935.4024943113327, 7
1243, 936.1678906083107, 9
1244, 936.9332869052887, 9
1245, 937.6986832022667, 8
1246, 938.4640794992447, 13
1247, 939.2294757962227, 13
1248, 939.9948720932007, 7
1249, 940.7602683901787, 9
1250, 941.5256646871567, 8
1251, 942.2910609841347, 9
1252, 943.0564572811127, 8
1253, 943.8218535780907, 7
1254, 944.5872498750687, 5
1255, 945.3526461720467, 7
1256, 946.1180424690247, 8
1257, 946.8834387660027, 2
1258, 947.6488350629807, 9
1259, 948.4142313599586, 9
1260, 949.1796276569366, 11
1261, 949.9450239539146, 6
1262, 950.7104202508926, 12
1263, 951.4758165478706, 6
1264, 952.2412128448486, 11
1265, 953.0066091418266, 10
1266, 953.7720054388046, 12
1267, 954.5374017357826, 7
1268, 955.3027980327606, 4
1269, 956.0681943297386, 9
1270, 956.8335906267166, 8
1271, 957.5989869236946, 8
1272, 958.3643832206726, 8
1273, 959.1297795176506, 12
1274, 959.8951758146286, 10
1275, 960.6605721116066, 6
1276, 961.4259684085846, 11
1277, 962.1913647055626, 8
1278, 962.9567610025406, 6
1279, 963.7221572995186, 12
1280, 964.4875535964966, 6
1281, 965.2529498934746, 10
1282, 966.0183461904526, 8
1283, 966.7837424874306, 7
1284, 967.5491387844086, 8
1285, 968.3145350813866, 11
1286, 969.0799313783646, 5
1287, 969.8453276753426, 6
1288, 970.6107239723206, 11
1289, 971.3761202692986, 4
1290, 972.1415165662766, 9
1291, 972.9069128632545, 8
1292, 973.6723091602325, 6
1293, 974.4377054572105, 4
1294, 975.2031017541885, 6
1295, 975.9684980511665, 8
1296, 976.7338943481445, 4
1297, 977.4992906451225, 8
1298, 978.2646869421005, 8
1299, 979.0300832390785, 5
1300, 979.7954795360565, 8
1301, 980.5608758330345, 8
1302, 981.3262721300125, 7
1303, 982.0916684269905, 6
1304, 982.8570647239685, 10
1305, 983.6224610209465, 7
1306, 984.3878573179245, 7
1307, 985.1532536149025, 9
1308, 985.9186499118805, 8
1309, 986.6840462088585, 7
1310, 987.4494425058365, 7
1311, 988.2148388028145, 5
1312, 988.9802350997925, 8
1313, 989.7456313967705, 10
1314, 990.5110276937485, 12
1315, 991.2764239907265, 6
1316, 992.0418202877045, 9
1317, 992.8072165846825, 9
1318, 993.5726128816605, 8
1319, 994.3380091786385, 6
1320, 995.1034054756165, 5
1321, 995.8688017725945, 7
1322, 996.6341980695724, 4
1323, 997.3995943665504, 6
1324, 998.1649906635284, 4
1325, 998.9303869605064, 5
1326, 999.6957832574844, 7
1327, 1000.4611795544624, 8
1328, 1001.2265758514404, 6
1329, 1001.9919721484184, 5
1330, 1002.7573684453964, 9
1331, 1003.5227647423744, 8
1332, 1004.2881610393524, 9
1333, 1005.0535573363304, 3
1334, 1005.8189536333084, 5
1335, 1006.5843499302864, 9
1336, 1007.3497462272644, 6
1337, 1008.1151425242424, 9
1338, 1008.8805388212204, 8
1339, 1009.6459351181984, 6
1340, 1010.4113314151764, 6
1341, 1011.1767277121544, 7
1342, 1011.9421240091324, 6
1343, 1012.7075203061104, 8
1344, 1013.4729166030884, 8
1345, 1014.2383129000664, 2
1346, 1015.0037091970444, 3
1347, 1015.7691054940224, 9
1348, 1016.5345017910004, 3
1349, 1017.2998980879784, 6
1350, 1018.0652943849564, 5
1351, 1018.8306906819344, 0
1352, 1019.5960869789124, 4
1353, 1020.3614832758904, 11
1354, 1021.1268795728683, 6
1355, 1021.8922758698463, 3
1356, 1022.6576721668243, 4
1357, 1023.4230684638023, 11
1358, 1024.1884647607803, 7
1359, 1024.9538610577583, 8
1360, 1025.7192573547363, 10
1361, 1026.4846536517143, 5
1362, 1027.2500499486923, 7
1363, 1028.0154462456703, 2
1364, 1028.7808425426483, 6
1365, 1029.5462388396263, 10
1366, 1030.3116351366043, 4
1367, 1031.0770314335823, 3
1368, 1031.8424277305603, 5
1369, 1032.6078240275383, 4
1370, 1033.3732203245163, 7
1371, 1034.1386166214943, 3
1372, 1034.9040129184723, 5
1373, 1035.6694092154503, 9
1374, 1036.4348055124283, 7
1375, 1037.2002018094063, 3
1376, 1037.9655981063843, 2
1377, 1038.7309944033623, 4
1378, 1039.4963907003403, 5
1379, 1040.2617869973183, 7
1380, 1041.0271832942963, 2
1381, 1041.7925795912743, 9
1382, 1042.5579758882523, 2
1383, 1043.3233721852303, 6
1384, 1044.0887684822083, 7
1385, 1044.8541647791862, 4
1386, 1045.6195610761642, 6
1387, 1046.3849573731422, 5
1388, 1047.1503536701202, 3
1389, 1047.9157499670982, 9
1390, 1048.6811462640762, 1
1391, 1049.4465425610542, 3
1392, 1050.2119388580322, 3
1393, 1050.9773351550102, 4
1394, 1051.7427314519882, 3
1395, 1052.5081277489662, 10
1396, 1053.2735240459442, 7
1397, 1054.0389203429222, 7
1398, 1054.8043166399002, 2
1399, 1055.5697129368782, 5
1400, 1056.3351092338562, 11
1401, 1057.1005055308342, 4
1402, 1057.8659018278122, 10
1403, 1058.6312981247902, 2
1404, 1059.3966944217682, 6
1405, 1060.1620907187462, 5
1406, 1060.9274870157242, 4
1407, 1061.6928833127022, 7
1408, 1062.4582796096802, 5
1409, 1063.2236759066582, 9
1410, 1063.9890722036362, 3
1411, 1064.7544685006142, 9
1412, 1065.5198647975922, 5
1413, 1066.2852610945702, 2
1414, 1067.0506573915482, 6
1415, 1067.8160536885262, 7
1416, 1068.5814499855042, 6
1417, 1069.3468462824821, 5
1418, 1070.1122425794601, 7
1419, 1070.8776388764381, 4
1420, 1071.6430351734161, 8
1421, 1072.4084314703941, 6
1422, 1073.1738277673721, 9
1423, 1073.9392240643501, 6
1424, 1074.7046203613281, 9
1425, 1075.4700166583061, 8
1426, 1076.2354129552841, 6
1427, 1077.0008092522621, 7
1428, 1077.76620554924, 1
1429, 1078.531601846218, 4
1430, 1079.296998143196, 9
1431, 1080.062394440174, 9
1432, 1080.827790737152, 5
1433, 1081.59318703413, 5
1434, 1082.358583331108, 3
1435, 1083.123979628086, 4
1436, 1083.889375925064, 6
1437, 1084.654772222042, 2
1438, 1085.42016851902, 8
1439, 1086.185564815998, 6
1440, 1086.950961112976, 12
1441, 1087.716357409954, 5
1442, 1088.481753706932, 7
1443, 1089.24715000391, 3
1444, 1090.012546300888, 8
1445, 1090.777942597866, 8
1446, 1091.543338894844, 5
1447, 1092.308735191822, 9
1448, 1093.0741314888, 4
1449, 1093.839527785778, 12
1450, 1094.604924082756, 11
1451, 1095.370320379734, 3
1452, 1096.135716676712, 2
1453, 1096.90111297369, 12
1454, 1097.666509270668, 6
1455, 1098.431905567646, 7
1456, 1099.197301864624, 9
1457, 1099.962698161602, 3
1458, 1100.72809445858, 4
1459, 1101.493490755558, 9
1460, 1102.258887052536, 7
1461, 1103.024283349514, 4
1462, 1103.789679646492, 4
1463, 1104.55507594347, 5
1464, 1105.320472240448, 10
1465, 1106.085868537426, 7
1466, 1106.851264834404, 8
1467, 1107.616661131382, 5
1468, 1108.38205742836, 5
1469, 1109.147453725338, 5
1470, 1109.912850022316, 8
1471, 1110.678246319294, 3
1472, 1111.443642616272, 6
1473, 1112.20903891325, 4
1474, 1112.974435210228, 6
1475, 1113.739831507206, 8
1476, 1114.505227804184, 4
1477, 1115.270624101162, 6
1478, 1116.03602039814, 10
1479, 1116.801416695118, 6
1480, 1117.566812992096, 11
1481, 1118.332209289074, 6
1482, 1119.097605586052, 2
1483, 1119.86300188303, 5
1484, 1120.628398180008, 3
1485, 1121.393794476986, 5
1486, 1122.159190773964, 6
1487, 1122.924587070942, 4
1488, 1123.68998336792, 7
1489, 1124.455379664898, 3
1490, 1125.220775961876, 9
1491, 1125.986172258854, 5
1492, 1126.751568555832, 4
1493, 1127.51696485281, 4
1494, 1128.282361149788, 6
1495, 1129.047757446766, 3
1496, 1129.813153743744, 9
1497, 1130.578550040722, 6
1498, 1131.3439463377, 9
1499, 1132.109342634678, 7
1500, 1132.8747389316559, 5
1501, 1133.6401352286339, 4
1502, 1134.4055315256119, 5
1503, 1135.1709278225899, 7
1504, 1135.9363241195679, 3
1505, 1136.7017204165459, 7
1506, 1137.4671167135239, 7
1507, 1138.2325130105019, 6
1508, 1138.9979093074799, 6
1509, 1139.7633056044579, 5
1510, 1140.5287019014359, 9
1511, 1141.2940981984138, 2
1512, 1142.0594944953918, 2
1513, 1142.8248907923698, 3
1514, 1143.5902870893478, 10
1515, 1144.3556833863258, 10
1516, 1145.1210796833038, 2
1517, 1145.8864759802818, 8
1518, 1146.6518722772598, 7
1519, 1147.4172685742378, 5
1520, 1148.1826648712158, 3
1521, 1148.9480611681938, 10
1522, 1149.7134574651718, 4
1523, 1150.4788537621498, 7
1524, 1151.2442500591278, 4
1525, 1152.0096463561058, 4
1526, 1152.7750426530838, 3
1527, 1153.5404389500618, 8
1528, 1154.3058352470398, 8
1529, 1155.0712315440178, 7
1530, 1155.8366278409958, 3
1531, 1156.6020241379738, 9
1532, 1157.3674204349518, 11
1533, 1158.1328167319298, 5
1534, 1158.8982130289078, 6
1535, 1159.6636093258858, 6
1536, 1160.4290056228638, 6
1537, 1161.1944019198418, 7
1538, 1161.9597982168198, 6
1539, 1162.7251945137978, 3
1540, 1163.4905908107758, 5
1541, 1164.2559871077538, 5
1542, 1165.0213834047318, 8
1543, 1165.7867797017097, 8
1544, 1166.5521759986877, 7
1545, 1167.3175722956657, 5
1546, 1168.0829685926437, 5
1547, 1168.8483648896217, 10
1548, 1169.6137611865997, 8
1549, 1170.3791574835777, 7
1550, 1171.1445537805557, 5
1551, 1171.9099500775337, 5
1552, 1172.6753463745117, 8
1553, 1173.4407426714897, 5
1554, 1174.2061389684677, 5
1555, 1174.9715352654457, 7
1556, 1175.7369315624237, 10
1557, 1176.5023278594017, 3
1558, 1177.2677241563797, 0
1559, 1178.0331204533577, 5
1560, 1178.7985167503357, 6
1561, 1179.5639130473137, 5
1562, 1180.3293093442917, 7
1563, 1181.0947056412697, 5
1564, 1181.8601019382477, 6
1565, 1182.6254982352257, 8
1566, 1183.3908945322037, 6
1567, 1184.1562908291817, 5
1568, 1184.9216871261597, 4
1569, 1185.6870834231377, 3
1570, 1186.4524797201157, 3
1571, 1187.2178760170937, 2
1572, 1187.9832723140717, 9
1573, 1188.7486686110497, 3
1574, 1189.5140649080276, 8
1575, 1190.2794612050056, 3
1576, 1191.0448575019836, 2
1577, 1191.8102537989616, 7
1578, 1192.5756500959396, 5
1579, 1193.3410463929176, 4
1580, 1194.1064426898956, 5
1581, 1194.8718389868736, 2
1582, 1195.6372352838516, 3
1583, 1196.4026315808296, 5
1584, 1197.1680278778076, 3
1585, 1197.9334241747856, 4
1586, 1198.6988204717636, 13
1587, 1199.4642167687416, 8
1588, 1200.2296130657196, 4
1589, 1200.9950093626976, 4
1590, 1201.7604056596756, 6
1591, 1202.5258019566536, 2
1592, 1203.2911982536316, 8
1593, 1204.0565945506096, 4
1594, 1204.8219908475876, 8
1595, 1205.5873871445656, 3
1596, 1206.3527834415436, 4
1597, 1207.1181797385216, 3
1598, 1207.8835760354996, 1
1599, 1208.6489723324776, 4
1600, 1209.4143686294556, 9
1601, 1210.1797649264336, 3
1602, 1210.9451612234116, 3
1603, 1211.7105575203896, 4
1604, 1212.4759538173676, 4
1605, 1213.2413501143456, 7
1606, 1214.0067464113235, 4
1607, 1214.7721427083015, 1
1608, 1215.5375390052795, 1
1609, 1216.3029353022575, 2
1610, 1217.0683315992355, 0
1611, 1217.8337278962135, 4
1612, 1218.5991241931915, 4
1613, 1219.3645204901695, 3
1614, 1220.1299167871475, 2
1615, 1220.8953130841255, 3
1616, 1221.6607093811035, 5
1617, 1222.4261056780815, 2
1618, 1223.1915019750595, 6
1619, 1223.9568982720375, 6
1620, 1224.7222945690155, 7
1621, 1225.4876908659935, 2
1622, 1226.2530871629715, 0
1623, 1227.0184834599495, 4
1624, 1227.7838797569275, 3
1625, 1228.5492760539055, 3
1626, 1229.3146723508835, 3
1627, 1230.0800686478615, 4
1628, 1230.8454649448395, 0
1629, 1231.6108612418175, 2
1630, 1232.3762575387955, 4
1631, 1233.1416538357735, 5
1632, 1233.9070501327515, 2
1633, 1234.6724464297295, 1
1634, 1235.4378427267075, 4
1635, 1236.2032390236855, 4
1636, 1236.9686353206635, 2
1637, 1237.7340316176414, 4
1638, 1238.4994279146194, 0
1639, 1239.2648242115974, 2
1640, 1240.0302205085754, 5
1641, 1240.7956168055534, 6
1642, 1241.5610131025314, 4
1643, 1242.3264093995094, 1
1644, 1243.0918056964874, 2
1645, 1243.8572019934654, 2
1646, 1244.6225982904434, 2
1647, 1245.3879945874214, 6
1648, 1246.1533908843994, 4
1649, 1246.9187871813774, 4
1650, 1247.6841834783554, 5
1651, 1248.4495797753334, 3
1652, 1249.2149760723114, 5
1653, 1249.9803723692894, 1
1654, 1250.7457686662674, 3
1655, 1251.5111649632454, 2
1656, 1252.2765612602234, 2
1657, 1253.0419575572014, 2
1658, 1253.8073538541794, 5
1659, 1254.5727501511574, 3
1660, 1255.3381464481354, 4
1661, 1256.1035427451134, 2
1662, 1256.8689390420914, 1
1663, 1257.6343353390694, 2
1664, 1258.3997316360474, 3
1665, 1259.1651279330254, 1
1666, 1259.9305242300034, 3
1667, 1260.6959205269814, 4
1668, 1261.4613168239594, 2
1669, 1262.2267131209373, 1
1670, 1262.9921094179153, 2
1671, 1263.7575057148933, 2
1672, 1264.5229020118713, 6
1673, 1265.2882983088493, 1
1674, 1266.0536946058273, 3
1675, 1266.8190909028053, 1
1676, 1267.5844871997833, 2
1677, 1268.3498834967613, 3
1678, 1269.1152797937393, 2
1679, 1269.8806760907173, 5
1680, 1270.6460723876953, 1
1681, 1271.4114686846733, 1
1682, 1272.1768649816513, 1
1683, 1272.9422612786293, 2
1684, 1273.7076575756073, 2
1685, 1274.4730538725853, 5
1686, 1275.2384501695633, 5
1687, 1276.0038464665413, 4
1688, 1276.7692427635193, 5
1689, 1277.5346390604973, 2
1690, 1278.3000353574753, 3
1691, 1279.0654316544533, 2
1692, 1279.8308279514313, 3
1693, 1280.5962242484093, 5
1694, 1281.3616205453873, 3
1695, 1282.1270168423653, 3
1696, 1282.8924131393433, 2
1697, 1283.6578094363213, 4
1698, 1284.4232057332993, 4
1699, 1285.1886020302773, 1
1700, 1285.9539983272552, 0
1701, 1286.7193946242332, 1
1702, 1287.4847909212112, 4
1703, 1288.2501872181892, 5
1704, 1289.0155835151672, 2
1705, 1289.7809798121452, 2
1706, 1290.5463761091232, 3
1707, 1291.3117724061012, 2
1708, 1292.0771687030792, 1
1709, 1292.8425650000572, 3
1710, 1293.6079612970352, 3
1711, 1294.3733575940132, 3
1712, 1295.1387538909912, 1
1713, 1295.9041501879692, 3
1714, 1296.6695464849472, 4
1715, 1297.4349427819252, 4
1716, 1298.2003390789032, 2
1717, 1298.9657353758812, 3
1718, 1299.7311316728592, 1
1719, 1300.4965279698372, 4
1720, 1301.2619242668152, 3
1721, 1302.0273205637932, 3
1722, 1302.7927168607712, 5
1723, 1303.5581131577492, 7
1724, 1304.3235094547272, 5
1725, 1305.0889057517052, 3
1726, 1305.8543020486832, 5
1727, 1306.6196983456612, 3
1728, 1307.3850946426392, 5
1729, 1308.1504909396172, 4
1730, 1308.9158872365952, 4
1731, 1309.6812835335732, 3
1732, 1310.4466798305511, 1
1733, 1311.2120761275291, 6
1734, 1311.9774724245071, 2
1735, 1312.7428687214851, 4
1736, 1313.5082650184631, 5
1737, 1314.2736613154411, 4
1738, 1315.0390576124191, 1
1739, 1315.8044539093971, 2
1740, 1316.5698502063751, 3
1741, 1317.3352465033531, 4
1742, 1318.1006428003311, 3
1743, 1318.866039097309, 2
1744, 1319.631435394287, 3
1745, 1320.396831691265, 2
1746, 1321.162227988243, 2
1747, 1321.927624285221, 3
1748, 1322.693020582199, 2
1749, 1323.458416879177, 4
1750, 1324.223813176155, 5
1751, 1324.989209473133, 0
1752, 1325.754605770111, 2
1753, 1326.520002067089, 4
1754, 1327.285398364067, 2
1755, 1328.050794661045, 3
1756, 1328.816190958023, 2
1757, 1329.581587255001, 3
1758, 1330.346983551979, 5
1759, 1331.112379848957, 3
1760, 1331.877776145935, 5
1761, 1332.643172442913, 2
1762, 1333.408568739891, 3
1763, 1334.173965036869, 2
1764, 1334.939361333847, 4
1765, 1335.704757630825, 3
1766, 1336.470153927803, 1
1767, 1337.235550224781, 5
1768, 1338.000946521759, 5
1769, 1338.766342818737, 4
1770, 1339.531739115715, 6
1771, 1340.297135412693, 1
1772, 1341.062531709671, 0
1773, 1341.827928006649, 4
1774, 1342.593324303627, 7
1775, 1343.358720600605, 4
1776, 1344.124116897583, 2
1777, 1344.889513194561, 6
1778, 1345.654909491539, 2
1779, 1346.420305788517, 5
1780, 1347.185702085495, 5
1781, 1347.951098382473, 4
1782, 1348.716494679451, 3
1783, 1349.481890976429, 6
1784, 1350.247287273407, 6
1785, 1351.012683570385, 3
1786, 1351.778079867363, 4
1787, 1352.543476164341, 4
1788, 1353.308872461319, 6
1789, 1354.074268758297, 1
1790, 1354.839665055275, 4
1791, 1355.605061352253, 5
1792, 1356.370457649231, 5
1793, 1357.135853946209, 2
1794, 1357.901250243187, 6
1795, 1358.666646540165, 8
1796, 1359.432042837143, 8
1797, 1360.197439134121, 3
1798, 1360.962835431099, 2
1799, 1361.728231728077, 3
1800, 1362.493628025055, 5
1801, 1363.259024322033, 3
1802, 1364.024420619011, 2
1803, 1364.789816915989, 10
1804, 1365.555213212967, 6
1805, 1366.320609509945, 8
1806, 1367.086005806923, 4
1807, 1367.851402103901, 6
1808, 1368.616798400879, 5
1809, 1369.382194697857, 8
1810, 1370.147590994835, 12
1811, 1370.912987291813, 3
1812, 1371.678383588791, 9
1813, 1372.443779885769, 4
1814, 1373.209176182747, 12
1815, 1373.9745724797249, 5
1816, 1374.7399687767029, 1
1817, 1375.5053650736809, 7
1818, 1376.2707613706589, 6
1819, 1377.0361576676369, 3
1820, 1377.8015539646149, 4
1821, 1378.5669502615929, 8
1822, 1379.3323465585709, 7
1823, 1380.0977428555489, 5
1824, 1380.8631391525269, 5
1825, 1381.6285354495049, 8
1826, 1382.3939317464828, 5
1827, 1383.1593280434608, 7
1828, 1383.9247243404388, 8
1829, 1384.6901206374168, 4
1830, 1385.4555169343948, 7
1831, 1386.2209132313728, 5
1832, 1386.9863095283508, 10
1833, 1387.7517058253288, 5
1834, 1388.5171021223068, 4
1835, 1389.2824984192848, 11
1836, 1390.0478947162628, 11
1837, 1390.8132910132408, 9
1838, 1391.5786873102188, 7
1839, 1392.3440836071968, 13
1840, 1393.1094799041748, 5
1841, 1393.8748762011528, 9
1842, 1394.6402724981308, 6
1843, 1395.4056687951088, 9
1844, 1396.1710650920868, 14
1845, 1396.9364613890648, 8
1846, 1397.7018576860428, 8
1847, 1398.4672539830208, 8
1848, 1399.2326502799988, 9
1849, 1399.9980465769768, 7
1850, 1400.7634428739548, 11
1851, 1401.5288391709328, 8
1852, 1402.2942354679108, 9
1853, 1403.0596317648888, 12
1854, 1403.8250280618668, 8
1855, 1404.5904243588448, 7
1856, 1405.3558206558228, 7
1857, 1406.1212169528008, 11
1858, 1406.8866132497787, 13
1859, 1407.6520095467567, 8
1860, 1408.4174058437347, 7
1861, 1409.1828021407127, 12
1862, 1409.9481984376907, 5
1863, 1410.7135947346687, 10
1864, 1411.4789910316467, 5
1865, 1412.2443873286247, 9
1866, 1413.0097836256027, 7
1867, 1413.7751799225807, 9
1868, 1414.5405762195587, 10
1869, 1415.3059725165367, 11
1870, 1416.0713688135147, 12
1871, 1416.8367651104927, 7
1872, 1417.6021614074707, 11
1873, 1418.3675577044487, 11
1874, 1419.1329540014267, 7
1875, 1419.8983502984047, 7
1876, 1420.6637465953827, 12
1877, 1421.4291428923607, 8
1878, 1422.1945391893387, 10
1879, 1422.9599354863167, 12
1880, 1423.7253317832947, 12
1881, 1424.4907280802727, 7
1882, 1425.2561243772507, 10
1883, 1426.0215206742287, 7
1884, 1426.7869169712067, 9
1885, 1427.5523132681847, 14
1886, 1428.3177095651627, 9
1887, 1429.0831058621407, 13
1888, 1429.8485021591187, 8
1889, 1430.6138984560966, 6
1890, 1431.3792947530746, 11
1891, 1432.1446910500526, 12
1892, 1432.9100873470306, 10
1893, 1433.6754836440086, 9
1894, 1434.4408799409866, 7
1895, 1435.2062762379646, 7
1896, 1435.9716725349426, 14
1897, 1436.7370688319206, 11
1898, 1437.5024651288986, 11
1899, 1438.2678614258766, 11
1900, 1439.0332577228546, 6
1901, 1439.7986540198326, 17
1902, 1440.5640503168106, 8
1903, 1441.3294466137886, 10
1904, 1442.0948429107666, 7
1905, 1442.8602392077446, 7
1906, 1443.6256355047226, 6
1907, 1444.3910318017006, 7
1908, 1445.1564280986786, 6
1909, 1445.9218243956566, 6
1910, 1446.6872206926346, 7
1911, 1447.4526169896126, 12
1912, 1448.2180132865906, 13
1913, 1448.9834095835686, 12
1914, 1449.7488058805466, 10
1915, 1450.5142021775246, 1
1916, 1451.2795984745026, 8
1917, 1452.0449947714806, 10
1918, 1452.8103910684586, 8
1919, 1453.5757873654366, 9
1920, 1454.3411836624146, 5
1921, 1455.1065799593925, 9
1922, 1455.8719762563705, 16
1923, 1456.6373725533485, 7
1924, 1457.4027688503265, 7
1925, 1458.1681651473045, 6
1926, 1458.9335614442825, 5
1927, 1459.6989577412605, 5
1928, 1460.4643540382385, 9
1929, 1461.2297503352165, 14
1930, 1461.9951466321945, 8
1931, 1462.7605429291725, 5
1932, 1463.5259392261505, 12
1933, 1464.2913355231285, 10
1934, 1465.0567318201065, 12
1935, 1465.8221281170845, 5
1936, 1466.5875244140625, 8
1937, 1467.3529207110405, 2
1938, 1468.1183170080185, 3
1939, 1468.8837133049965, 5
1940, 1469.6491096019745, 11
1941, 1470.4145058989525, 4
1942, 1471.1799021959305, 11
1943, 1471.9452984929085, 8
1944, 1472.7106947898865, 3
1945, 1473.4760910868645, 9
1946, 1474.2414873838425, 7
1947, 1475.0068836808205, 10
1948, 1475.7722799777985, 6
1949, 1476.5376762747765, 3
1950, 1477.3030725717545, 11
1951, 1478.0684688687325, 2
1952, 1478.8338651657104, 7
1953, 1479.5992614626884, 7
1954, 1480.3646577596664, 4
1955, 1481.1300540566444, 1
1956, 1481.8954503536224, 5
1957, 1482.6608466506004, 4
1958, 1483.4262429475784, 2
1959, 1484.1916392445564, 6
1960, 1484.9570355415344, 7
1961, 1485.7224318385124, 3
1962, 1486.4878281354904, 4
1963, 1487.2532244324684, 7
1964, 1488.0186207294464, 4
1965, 1488.7840170264244, 4
1966, 1489.5494133234024, 8
1967, 1490.3148096203804, 5
1968, 1491.0802059173584, 1
1969, 1491.8456022143364, 3
1970, 1492.6109985113144, 3
1971, 1493.3763948082924, 5
1972, 1494.1417911052704, 4
1973, 1494.9071874022484, 9
1974, 1495.6725836992264, 3
1975, 1496.4379799962044, 6
1976, 1497.2033762931824, 9
1977, 1497.9687725901604, 0
1978, 1498.7341688871384, 2
1979, 1499.4995651841164, 4
1980, 1500.2649614810944, 2
1981, 1501.0303577780724, 3
1982, 1501.7957540750504, 9
1983, 1502.5611503720284, 2
1984, 1503.3265466690063, 8
1985, 1504.0919429659843, 5
1986, 1504.8573392629623, 4
1987, 1505.6227355599403, 2
1988, 1506.3881318569183, 1
1989, 1507.1535281538963, 4
1990, 1507.9189244508743, 1
1991, 1508.6843207478523, 7
1992, 1509.4497170448303, 4
1993, 1510.2151133418083, 5
1994, 1510.9805096387863, 2
1995, 1511.7459059357643, 6
1996, 1512.5113022327423, 3
1997, 1513.2766985297203, 6
1998, 1514.0420948266983, 2
1999, 1514.8074911236763, 3
2000, 1515.5728874206543, 5
2001, 1516.3382837176323, 3
2002, 1517.1036800146103, 2
2003, 1517.8690763115883, 2
2004, 1518.6344726085663, 3
2005, 1519.3998689055443, 4
2006, 1520.1652652025223, 2
2007, 1520.9306614995003, 3
2008, 1521.6960577964783, 2
2009, 1522.4614540934563, 3
2010, 1523.2268503904343, 0
2011, 1523.9922466874123, 0
2012, 1524.7576429843903, 0
2013, 1525.5230392813683, 4
2014, 1526.2884355783463, 2
2015, 1527.0538318753242, 2
2016, 1527.8192281723022, 1
2017, 1528.5846244692802, 2
2018, 1529.3500207662582, 0
2019, 1530.1154170632362, 2
2020, 1530.8808133602142, 2
2021, 1531.6462096571922, 0
2022, 1532.4116059541702, 3
2023, 1533.1770022511482, 3
2024, 1533.9423985481262, 0
2025, 1534.7077948451042, 2
2026, 1535.4731911420822, 0
2027, 1536.2385874390602, 5
2028, 1537.0039837360382, 4
2029, 1537.7693800330162, 2
2030, 1538.5347763299942, 3
2031, 1539.3001726269722, 2
2032, 1540.0655689239502, 1
2033, 1540.8309652209282, 1
2034, 1541.5963615179062, 0
2035, 1542.3617578148842, 2
2036, 1543.1271541118622, 3
2037, 1543.8925504088402, 2
2038, 1544.6579467058182, 1
2039, 1545.4233430027962, 1
2040, 1546.1887392997742, 1
2041, 1546.9541355967522, 1
2042, 1547.7195318937302, 2
2043, 1548.4849281907082, 1
2044, 1549.2503244876862, 0
2045, 1550.0157207846642, 0
2046, 1550.7811170816422, 1
2047, 1551.5465133786201, 1
2048, 1552.3119096755981, 1
