Start Time, Fri Apr 17 13:23:17 GMT-0400 2026
Energy calibration,  Offset: 0, Slope: 0.7465173602104187, Quadratic: 0
Live Time (s), 120
Real Time (s), 122.353276
Elapsed Computational, 0
Spectrum
Channel, Energy (keV), Counts
1, 0.7465173602104187, 0
2, 1.4930347204208374, 0
3, 2.239552080631256, 0
4, 2.986069440841675, 0
5, 3.7325868010520935, 0
6, 4.479104161262512, 0
7, 5.225621521472931, 13
8, 5.97213888168335, 171
9, 6.718656241893768, 301
10, 7.465173602104187, 293
11, 8.211690962314606, 325
12, 8.958208322525024, 328
13, 9.704725682735443, 344
14, 10.451243042945862, 278
15, 11.19776040315628, 237
16, 11.9442777633667, 264
17, 12.690795123577118, 242
18, 13.437312483787537, 227
19, 14.183829843997955, 212
20, 14.930347204208374, 220
21, 15.676864564418793, 209
22, 16.42338192462921, 198
23, 17.16989928483963, 175
24, 17.91641664505005, 213
25, 18.662934005260468, 205
26, 19.409451365470886, 188
27, 20.155968725681305, 185
28, 20.902486085891724, 196
29, 21.649003446102142, 168
30, 22.39552080631256, 191
31, 23.14203816652298, 212
32, 23.8885555267334, 211
33, 24.635072886943817, 239
34, 25.381590247154236, 210
35, 26.128107607364655, 256
36, 26.874624967575073, 255
37, 27.621142327785492, 309
38, 28.36765968799591, 340
39, 29.11417704820633, 359
40, 29.860694408416748, 418
41, 30.607211768627167, 499
42, 31.353729128837585, 638
43, 32.100246489048004, 852
44, 32.84676384925842, 985
45, 33.59328120946884, 1243
46, 34.33979856967926, 1533
47, 35.08631592988968, 1762
48, 35.8328332901001, 2014
49, 36.579350650310516, 2099
50, 37.325868010520935, 2181
51, 38.072385370731354, 2067
52, 38.81890273094177, 1869
53, 39.56542009115219, 1652
54, 40.31193745136261, 1505
55, 41.05845481157303, 1247
56, 41.80497217178345, 992
57, 42.551489531993866, 792
58, 43.298006892204285, 701
59, 44.0445242524147, 587
60, 44.79104161262512, 517
61, 45.53755897283554, 454
62, 46.28407633304596, 403
63, 47.03059369325638, 379
64, 47.7771110534668, 361
65, 48.523628413677216, 322
66, 49.270145773887634, 313
67, 50.01666313409805, 310
68, 50.76318049430847, 296
69, 51.50969785451889, 256
70, 52.25621521472931, 269
71, 53.00273257493973, 299
72, 53.74924993515015, 296
73, 54.495767295360565, 321
74, 55.242284655570984, 306
75, 55.9888020157814, 295
76, 56.73531937599182, 305
77, 57.48183673620224, 275
78, 58.22835409641266, 320
79, 58.97487145662308, 326
80, 59.721388816833496, 314
81, 60.467906177043915, 358
82, 61.21442353725433, 317
83, 61.96094089746475, 309
84, 62.70745825767517, 367
85, 63.45397561788559, 349
86, 64.20049297809601, 365
87, 64.94701033830643, 340
88, 65.69352769851685, 334
89, 66.44004505872726, 351
90, 67.18656241893768, 382
91, 67.9330797791481, 326
92, 68.67959713935852, 396
93, 69.42611449956894, 389
94, 70.17263185977936, 355
95, 70.91914921998978, 376
96, 71.6656665802002, 401
97, 72.41218394041061, 417
98, 73.15870130062103, 401
99, 73.90521866083145, 416
100, 74.65173602104187, 458
101, 75.39825338125229, 454
102, 76.14477074146271, 435
103, 76.89128810167313, 400
104, 77.63780546188354, 426
105, 78.38432282209396, 404
106, 79.13084018230438, 436
107, 79.8773575425148, 436
108, 80.62387490272522, 414
109, 81.37039226293564, 426
110, 82.11690962314606, 492
111, 82.86342698335648, 468
112, 83.6099443435669, 506
113, 84.35646170377731, 466
114, 85.10297906398773, 483
115, 85.84949642419815, 509
116, 86.59601378440857, 506
117, 87.34253114461899, 496
118, 88.0890485048294, 497
119, 88.83556586503983, 510
120, 89.58208322525024, 501
121, 90.32860058546066, 467
122, 91.07511794567108, 496
123, 91.8216353058815, 499
124, 92.56815266609192, 468
125, 93.31467002630234, 469
126, 94.06118738651276, 521
127, 94.80770474672318, 507
128, 95.5542221069336, 491
129, 96.30073946714401, 460
130, 97.04725682735443, 499
131, 97.79377418756485, 483
132, 98.54029154777527, 497
133, 99.28680890798569, 489
134, 100.0333262681961, 477
135, 100.77984362840652, 490
136, 101.52636098861694, 464
137, 102.27287834882736, 493
138, 103.01939570903778, 504
139, 103.7659130692482, 447
140, 104.51243042945862, 449
141, 105.25894778966904, 513
142, 106.00546514987946, 438
143, 106.75198251008987, 501
144, 107.4984998703003, 457
145, 108.24501723051071, 441
146, 108.99153459072113, 454
147, 109.73805195093155, 473
148, 110.48456931114197, 438
149, 111.23108667135239, 434
150, 111.9776040315628, 468
151, 112.72412139177322, 447
152, 113.47063875198364, 466
153, 114.21715611219406, 460
154, 114.96367347240448, 461
155, 115.7101908326149, 483
156, 116.45670819282532, 447
157, 117.20322555303574, 460
158, 117.94974291324615, 484
159, 118.69626027345657, 485
160, 119.44277763366699, 484
161, 120.18929499387741, 472
162, 120.93581235408783, 474
163, 121.68232971429825, 479
164, 122.42884707450867, 455
165, 123.17536443471909, 498
166, 123.9218817949295, 477
167, 124.66839915513992, 466
168, 125.41491651535034, 501
169, 126.16143387556076, 490
170, 126.90795123577118, 484
171, 127.6544685959816, 490
172, 128.40098595619202, 475
173, 129.14750331640244, 446
174, 129.89402067661285, 478
175, 130.64053803682327, 471
176, 131.3870553970337, 507
177, 132.1335727572441, 461
178, 132.88009011745453, 492
179, 133.62660747766495, 504
180, 134.37312483787537, 495
181, 135.11964219808578, 488
182, 135.8661595582962, 494
183, 136.61267691850662, 478
184, 137.35919427871704, 449
185, 138.10571163892746, 443
186, 138.85222899913788, 447
187, 139.5987463593483, 433
188, 140.34526371955872, 475
189, 141.09178107976913, 470
190, 141.83829843997955, 454
191, 142.58481580018997, 421
192, 143.3313331604004, 439
193, 144.0778505206108, 448
194, 144.82436788082123, 429
195, 145.57088524103165, 441
196, 146.31740260124207, 430
197, 147.06391996145248, 395
198, 147.8104373216629, 426
199, 148.55695468187332, 431
200, 149.30347204208374, 400
201, 150.04998940229416, 408
202, 150.79650676250458, 408
203, 151.543024122715, 427
204, 152.28954148292542, 434
205, 153.03605884313583, 406
206, 153.78257620334625, 436
207, 154.52909356355667, 427
208, 155.2756109237671, 397
209, 156.0221282839775, 440
210, 156.76864564418793, 449
211, 157.51516300439835, 390
212, 158.26168036460876, 416
213, 159.00819772481918, 395
214, 159.7547150850296, 397
215, 160.50123244524002, 381
216, 161.24774980545044, 431
217, 161.99426716566086, 391
218, 162.74078452587128, 406
219, 163.4873018860817, 413
220, 164.23381924629211, 415
221, 164.98033660650253, 360
222, 165.72685396671295, 407
223, 166.47337132692337, 408
224, 167.2198886871338, 418
225, 167.9664060473442, 404
226, 168.71292340755463, 396
227, 169.45944076776505, 399
228, 170.20595812797546, 411
229, 170.95247548818588, 433
230, 171.6989928483963, 421
231, 172.44551020860672, 387
232, 173.19202756881714, 388
233, 173.93854492902756, 376
234, 174.68506228923798, 415
235, 175.4315796494484, 385
236, 176.1780970096588, 397
237, 176.92461436986923, 413
238, 177.67113173007965, 383
239, 178.41764909029007, 402
240, 179.1641664505005, 402
241, 179.9106838107109, 379
242, 180.65720117092133, 422
243, 181.40371853113174, 389
244, 182.15023589134216, 366
245, 182.89675325155258, 382
246, 183.643270611763, 413
247, 184.38978797197342, 393
248, 185.13630533218384, 421
249, 185.88282269239426, 406
250, 186.62934005260468, 424
251, 187.3758574128151, 404
252, 188.1223747730255, 420
253, 188.86889213323593, 403
254, 189.61540949344635, 438
255, 190.36192685365677, 402
256, 191.1084442138672, 505
257, 191.8549615740776, 414
258, 192.60147893428802, 459
259, 193.34799629449844, 421
260, 194.09451365470886, 454
261, 194.84103101491928, 392
262, 195.5875483751297, 438
263, 196.33406573534012, 460
264, 197.08058309555054, 406
265, 197.82710045576096, 470
266, 198.57361781597137, 434
267, 199.3201351761818, 492
268, 200.0666525363922, 429
269, 200.81316989660263, 428
270, 201.55968725681305, 450
271, 202.30620461702347, 459
272, 203.0527219772339, 459
273, 203.7992393374443, 431
274, 204.54575669765472, 474
275, 205.29227405786514, 459
276, 206.03879141807556, 402
277, 206.78530877828598, 440
278, 207.5318261384964, 449
279, 208.27834349870682, 411
280, 209.02486085891724, 405
281, 209.77137821912766, 407
282, 210.51789557933807, 393
283, 211.2644129395485, 430
284, 212.0109302997589, 394
285, 212.75744765996933, 415
286, 213.50396502017975, 403
287, 214.25048238039017, 371
288, 214.9969997406006, 370
289, 215.743517100811, 386
290, 216.49003446102142, 345
291, 217.23655182123184, 399
292, 217.98306918144226, 352
293, 218.72958654165268, 413
294, 219.4761039018631, 350
295, 220.22262126207352, 384
296, 220.96913862228394, 400
297, 221.71565598249435, 359
298, 222.46217334270477, 381
299, 223.2086907029152, 361
300, 223.9552080631256, 370
301, 224.70172542333603, 349
302, 225.44824278354645, 336
303, 226.19476014375687, 318
304, 226.94127750396729, 328
305, 227.6877948641777, 335
306, 228.43431222438812, 344
307, 229.18082958459854, 363
308, 229.92734694480896, 364
309, 230.67386430501938, 361
310, 231.4203816652298, 346
311, 232.16689902544022, 321
312, 232.91341638565063, 392
313, 233.65993374586105, 340
314, 234.40645110607147, 341
315, 235.1529684662819, 328
316, 235.8994858264923, 358
317, 236.64600318670273, 353
318, 237.39252054691315, 373
319, 238.13903790712357, 377
320, 238.88555526733398, 321
321, 239.6320726275444, 322
322, 240.37858998775482, 349
323, 241.12510734796524, 314
324, 241.87162470817566, 352
325, 242.61814206838608, 309
326, 243.3646594285965, 305
327, 244.11117678880692, 336
328, 244.85769414901733, 312
329, 245.60421150922775, 299
330, 246.35072886943817, 325
331, 247.0972462296486, 341
332, 247.843763589859, 327
333, 248.59028095006943, 311
334, 249.33679831027985, 349
335, 250.08331567049026, 333
336, 250.82983303070068, 321
337, 251.5763503909111, 349
338, 252.32286775112152, 320
339, 253.06938511133194, 335
340, 253.81590247154236, 332
341, 254.56241983175278, 313
342, 255.3089371919632, 298
343, 256.0554545521736, 316
344, 256.80197191238403, 308
345, 257.54848927259445, 286
346, 258.29500663280487, 326
347, 259.0415239930153, 292
348, 259.7880413532257, 305
349, 260.5345587134361, 299
350, 261.28107607364655, 310
351, 262.02759343385696, 288
352, 262.7741107940674, 287
353, 263.5206281542778, 251
354, 264.2671455144882, 296
355, 265.01366287469864, 290
356, 265.76018023490906, 277
357, 266.5066975951195, 269
358, 267.2532149553299, 268
359, 267.9997323155403, 302
360, 268.74624967575073, 268
361, 269.49276703596115, 263
362, 270.23928439617157, 282
363, 270.985801756382, 264
364, 271.7323191165924, 253
365, 272.4788364768028, 272
366, 273.22535383701324, 296
367, 273.97187119722366, 258
368, 274.7183885574341, 280
369, 275.4649059176445, 245
370, 276.2114232778549, 248
371, 276.95794063806534, 233
372, 277.70445799827576, 305
373, 278.4509753584862, 249
374, 279.1974927186966, 255
375, 279.944010078907, 271
376, 280.69052743911743, 250
377, 281.43704479932785, 290
378, 282.18356215953827, 268
379, 282.9300795197487, 294
380, 283.6765968799591, 251
381, 284.4231142401695, 252
382, 285.16963160037994, 238
383, 285.91614896059036, 257
384, 286.6626663208008, 262
385, 287.4091836810112, 280
386, 288.1557010412216, 228
387, 288.90221840143204, 245
388, 289.64873576164246, 267
389, 290.3952531218529, 265
390, 291.1417704820633, 279
391, 291.8882878422737, 260
392, 292.63480520248413, 272
393, 293.38132256269455, 244
394, 294.12783992290497, 241
395, 294.8743572831154, 241
396, 295.6208746433258, 258
397, 296.3673920035362, 252
398, 297.11390936374664, 258
399, 297.86042672395706, 267
400, 298.6069440841675, 249
401, 299.3534614443779, 225
402, 300.0999788045883, 251
403, 300.84649616479874, 255
404, 301.59301352500916, 272
405, 302.3395308852196, 249
406, 303.08604824543, 238
407, 303.8325656056404, 249
408, 304.57908296585083, 272
409, 305.32560032606125, 272
410, 306.07211768627167, 233
411, 306.8186350464821, 249
412, 307.5651524066925, 248
413, 308.3116697669029, 203
414, 309.05818712711334, 245
415, 309.80470448732376, 256
416, 310.5512218475342, 245
417, 311.2977392077446, 248
418, 312.044256567955, 261
419, 312.79077392816544, 254
420, 313.53729128837585, 223
421, 314.2838086485863, 250
422, 315.0303260087967, 244
423, 315.7768433690071, 223
424, 316.52336072921753, 261
425, 317.26987808942795, 234
426, 318.01639544963837, 217
427, 318.7629128098488, 226
428, 319.5094301700592, 223
429, 320.2559475302696, 215
430, 321.00246489048004, 237
431, 321.74898225069046, 229
432, 322.4954996109009, 230
433, 323.2420169711113, 272
434, 323.9885343313217, 235
435, 324.73505169153214, 230
436, 325.48156905174255, 215
437, 326.228086411953, 215
438, 326.9746037721634, 230
439, 327.7211211323738, 231
440, 328.46763849258423, 224
441, 329.21415585279465, 234
442, 329.96067321300507, 221
443, 330.7071905732155, 230
444, 331.4537079334259, 238
445, 332.2002252936363, 244
446, 332.94674265384674, 228
447, 333.69326001405716, 219
448, 334.4397773742676, 224
449, 335.186294734478, 217
450, 335.9328120946884, 250
451, 336.67932945489883, 232
452, 337.42584681510925, 227
453, 338.1723641753197, 220
454, 338.9188815355301, 217
455, 339.6653988957405, 235
456, 340.4119162559509, 238
457, 341.15843361616135, 226
458, 341.90495097637177, 245
459, 342.6514683365822, 248
460, 343.3979856967926, 227
461, 344.144503057003, 225
462, 344.89102041721344, 222
463, 345.63753777742386, 246
464, 346.3840551376343, 252
465, 347.1305724978447, 261
466, 347.8770898580551, 210
467, 348.62360721826553, 243
468, 349.37012457847595, 235
469, 350.11664193868637, 257
470, 350.8631592988968, 218
471, 351.6096766591072, 229
472, 352.3561940193176, 209
473, 353.10271137952805, 209
474, 353.84922873973846, 216
475, 354.5957460999489, 220
476, 355.3422634601593, 208
477, 356.0887808203697, 254
478, 356.83529818058014, 244
479, 357.58181554079056, 253
480, 358.328332901001, 246
481, 359.0748502612114, 245
482, 359.8213676214218, 251
483, 360.56788498163223, 234
484, 361.31440234184265, 213
485, 362.06091970205307, 217
486, 362.8074370622635, 223
487, 363.5539544224739, 225
488, 364.3004717826843, 230
489, 365.04698914289474, 244
490, 365.79350650310516, 217
491, 366.5400238633156, 211
492, 367.286541223526, 200
493, 368.0330585837364, 213
494, 368.77957594394684, 217
495, 369.52609330415726, 198
496, 370.2726106643677, 208
497, 371.0191280245781, 214
498, 371.7656453847885, 205
499, 372.51216274499893, 209
500, 373.25868010520935, 215
501, 374.00519746541977, 215
502, 374.7517148256302, 216
503, 375.4982321858406, 208
504, 376.244749546051, 184
505, 376.99126690626144, 208
506, 377.73778426647186, 195
507, 378.4843016266823, 211
508, 379.2308189868927, 231
509, 379.9773363471031, 209
510, 380.72385370731354, 186
511, 381.47037106752396, 198
512, 382.2168884277344, 180
513, 382.9634057879448, 180
514, 383.7099231481552, 183
515, 384.45644050836563, 213
516, 385.20295786857605, 218
517, 385.94947522878647, 186
518, 386.6959925889969, 190
519, 387.4425099492073, 171
520, 388.1890273094177, 184
521, 388.93554466962814, 188
522, 389.68206202983856, 180
523, 390.428579390049, 193
524, 391.1750967502594, 171
525, 391.9216141104698, 169
526, 392.66813147068024, 188
527, 393.41464883089066, 210
528, 394.1611661911011, 214
529, 394.9076835513115, 181
530, 395.6542009115219, 175
531, 396.40071827173233, 188
532, 397.14723563194275, 202
533, 397.89375299215317, 185
534, 398.6402703523636, 176
535, 399.386787712574, 178
536, 400.1333050727844, 204
537, 400.87982243299484, 186
538, 401.62633979320526, 176
539, 402.3728571534157, 195
540, 403.1193745136261, 165
541, 403.8658918738365, 186
542, 404.61240923404694, 169
543, 405.35892659425735, 176
544, 406.1054439544678, 206
545, 406.8519613146782, 174
546, 407.5984786748886, 186
547, 408.34499603509903, 171
548, 409.09151339530945, 170
549, 409.83803075551987, 187
550, 410.5845481157303, 190
551, 411.3310654759407, 194
552, 412.0775828361511, 173
553, 412.82410019636154, 204
554, 413.57061755657196, 173
555, 414.3171349167824, 203
556, 415.0636522769928, 212
557, 415.8101696372032, 155
558, 416.55668699741364, 185
559, 417.30320435762405, 190
560, 418.0497217178345, 180
561, 418.7962390780449, 200
562, 419.5427564382553, 164
563, 420.28927379846573, 182
564, 421.03579115867615, 192
565, 421.78230851888657, 176
566, 422.528825879097, 215
567, 423.2753432393074, 191
568, 424.0218605995178, 191
569, 424.76837795972824, 159
570, 425.51489531993866, 177
571, 426.2614126801491, 179
572, 427.0079300403595, 184
573, 427.7544474005699, 185
574, 428.50096476078033, 169
575, 429.24748212099075, 175
576, 429.9939994812012, 180
577, 430.7405168414116, 184
578, 431.487034201622, 214
579, 432.2335515618324, 193
580, 432.98006892204285, 190
581, 433.72658628225327, 168
582, 434.4731036424637, 208
583, 435.2196210026741, 186
584, 435.9661383628845, 188
585, 436.71265572309494, 179
586, 437.45917308330536, 160
587, 438.2056904435158, 197
588, 438.9522078037262, 196
589, 439.6987251639366, 187
590, 440.44524252414703, 200
591, 441.19175988435745, 196
592, 441.93827724456787, 194
593, 442.6847946047783, 195
594, 443.4313119649887, 192
595, 444.1778293251991, 162
596, 444.92434668540955, 188
597, 445.67086404561996, 165
598, 446.4173814058304, 177
599, 447.1638987660408, 172
600, 447.9104161262512, 173
601, 448.65693348646164, 183
602, 449.40345084667206, 184
603, 450.1499682068825, 167
604, 450.8964855670929, 192
605, 451.6430029273033, 169
606, 452.38952028751373, 178
607, 453.13603764772415, 171
608, 453.88255500793457, 162
609, 454.629072368145, 197
610, 455.3755897283554, 185
611, 456.1221070885658, 172
612, 456.86862444877625, 166
613, 457.61514180898666, 158
614, 458.3616591691971, 178
615, 459.1081765294075, 181
616, 459.8546938896179, 148
617, 460.60121124982834, 163
618, 461.34772861003876, 164
619, 462.0942459702492, 150
620, 462.8407633304596, 171
621, 463.58728069067, 172
622, 464.33379805088043, 157
623, 465.08031541109085, 177
624, 465.82683277130127, 165
625, 466.5733501315117, 158
626, 467.3198674917221, 155
627, 468.0663848519325, 158
628, 468.81290221214294, 133
629, 469.55941957235336, 155
630, 470.3059369325638, 142
631, 471.0524542927742, 155
632, 471.7989716529846, 147
633, 472.54548901319504, 144
634, 473.29200637340546, 132
635, 474.0385237336159, 129
636, 474.7850410938263, 132
637, 475.5315584540367, 121
638, 476.27807581424713, 138
639, 477.02459317445755, 119
640, 477.77111053466797, 123
641, 478.5176278948784, 100
642, 479.2641452550888, 130
643, 480.0106626152992, 121
644, 480.75717997550964, 114
645, 481.50369733572006, 102
646, 482.2502146959305, 117
647, 482.9967320561409, 98
648, 483.7432494163513, 125
649, 484.48976677656174, 95
650, 485.23628413677216, 101
651, 485.9828014969826, 114
652, 486.729318857193, 107
653, 487.4758362174034, 92
654, 488.22235357761383, 107
655, 488.96887093782425, 101
656, 489.71538829803467, 105
657, 490.4619056582451, 90
658, 491.2084230184555, 107
659, 491.9549403786659, 101
660, 492.70145773887634, 85
661, 493.44797509908676, 85
662, 494.1944924592972, 99
663, 494.9410098195076, 82
664, 495.687527179718, 94
665, 496.43404453992844, 82
666, 497.18056190013885, 73
667, 497.9270792603493, 80
668, 498.6735966205597, 87
669, 499.4201139807701, 93
670, 500.16663134098053, 76
671, 500.91314870119095, 87
672, 501.65966606140137, 73
673, 502.4061834216118, 80
674, 503.1527007818222, 67
675, 503.8992181420326, 81
676, 504.64573550224304, 77
677, 505.39225286245346, 86
678, 506.1387702226639, 82
679, 506.8852875828743, 83
680, 507.6318049430847, 77
681, 508.37832230329514, 61
682, 509.12483966350555, 87
683, 509.871357023716, 60
684, 510.6178743839264, 77
685, 511.3643917441368, 68
686, 512.1109091043472, 56
687, 512.8574264645576, 77
688, 513.6039438247681, 74
689, 514.3504611849785, 70
690, 515.0969785451889, 69
691, 515.8434959053993, 57
692, 516.5900132656097, 61
693, 517.3365306258202, 63
694, 518.0830479860306, 44
695, 518.829565346241, 65
696, 519.5760827064514, 65
697, 520.3226000666618, 66
698, 521.0691174268723, 67
699, 521.8156347870827, 69
700, 522.5621521472931, 54
701, 523.3086695075035, 63
702, 524.0551868677139, 49
703, 524.8017042279243, 76
704, 525.5482215881348, 73
705, 526.2947389483452, 64
706, 527.0412563085556, 65
707, 527.787773668766, 54
708, 528.5342910289764, 60
709, 529.2808083891869, 55
710, 530.0273257493973, 59
711, 530.7738431096077, 67
712, 531.5203604698181, 50
713, 532.2668778300285, 75
714, 533.013395190239, 53
715, 533.7599125504494, 57
716, 534.5064299106598, 61
717, 535.2529472708702, 47
718, 535.9994646310806, 75
719, 536.745981991291, 53
720, 537.4924993515015, 60
721, 538.2390167117119, 52
722, 538.9855340719223, 52
723, 539.7320514321327, 51
724, 540.4785687923431, 37
725, 541.2250861525536, 47
726, 541.971603512764, 58
727, 542.7181208729744, 45
728, 543.4646382331848, 50
729, 544.2111555933952, 41
730, 544.9576729536057, 53
731, 545.7041903138161, 48
732, 546.4507076740265, 66
733, 547.1972250342369, 46
734, 547.9437423944473, 47
735, 548.6902597546577, 58
736, 549.4367771148682, 35
737, 550.1832944750786, 43
738, 550.929811835289, 56
739, 551.6763291954994, 58
740, 552.4228465557098, 58
741, 553.1693639159203, 63
742, 553.9158812761307, 52
743, 554.6623986363411, 50
744, 555.4089159965515, 51
745, 556.1554333567619, 49
746, 556.9019507169724, 45
747, 557.6484680771828, 46
748, 558.3949854373932, 56
749, 559.1415027976036, 41
750, 559.888020157814, 61
751, 560.6345375180244, 52
752, 561.3810548782349, 41
753, 562.1275722384453, 58
754, 562.8740895986557, 41
755, 563.6206069588661, 51
756, 564.3671243190765, 50
757, 565.113641679287, 54
758, 565.8601590394974, 59
759, 566.6066763997078, 46
760, 567.3531937599182, 52
761, 568.0997111201286, 46
762, 568.846228480339, 45
763, 569.5927458405495, 57
764, 570.3392632007599, 52
765, 571.0857805609703, 41
766, 571.8322979211807, 52
767, 572.5788152813911, 52
768, 573.3253326416016, 54
769, 574.071850001812, 41
770, 574.8183673620224, 56
771, 575.5648847222328, 54
772, 576.3114020824432, 50
773, 577.0579194426537, 47
774, 577.8044368028641, 54
775, 578.5509541630745, 53
776, 579.2974715232849, 51
777, 580.0439888834953, 60
778, 580.7905062437057, 44
779, 581.5370236039162, 50
780, 582.2835409641266, 49
781, 583.030058324337, 54
782, 583.7765756845474, 48
783, 584.5230930447578, 50
784, 585.2696104049683, 50
785, 586.0161277651787, 65
786, 586.7626451253891, 60
787, 587.5091624855995, 53
788, 588.2556798458099, 59
789, 589.0021972060204, 67
790, 589.7487145662308, 74
791, 590.4952319264412, 53
792, 591.2417492866516, 56
793, 591.988266646862, 60
794, 592.7347840070724, 77
795, 593.4813013672829, 70
796, 594.2278187274933, 64
797, 594.9743360877037, 82
798, 595.7208534479141, 85
799, 596.4673708081245, 86
800, 597.213888168335, 63
801, 597.9604055285454, 79
802, 598.7069228887558, 71
803, 599.4534402489662, 96
804, 600.1999576091766, 83
805, 600.946474969387, 77
806, 601.6929923295975, 103
807, 602.4395096898079, 112
808, 603.1860270500183, 111
809, 603.9325444102287, 113
810, 604.6790617704391, 121
811, 605.4255791306496, 142
812, 606.17209649086, 128
813, 606.9186138510704, 151
814, 607.6651312112808, 135
815, 608.4116485714912, 155
816, 609.1581659317017, 147
817, 609.9046832919121, 158
818, 610.6512006521225, 173
819, 611.3977180123329, 193
820, 612.1442353725433, 181
821, 612.8907527327538, 199
822, 613.6372700929642, 221
823, 614.3837874531746, 215
824, 615.130304813385, 238
825, 615.8768221735954, 235
826, 616.6233395338058, 250
827, 617.3698568940163, 261
828, 618.1163742542267, 281
829, 618.8628916144371, 288
830, 619.6094089746475, 300
831, 620.3559263348579, 329
832, 621.1024436950684, 321
833, 621.8489610552788, 345
834, 622.5954784154892, 360
835, 623.3419957756996, 364
836, 624.08851313591, 398
837, 624.8350304961205, 398
838, 625.5815478563309, 412
839, 626.3280652165413, 450
840, 627.0745825767517, 458
841, 627.8210999369621, 491
842, 628.5676172971725, 528
843, 629.314134657383, 492
844, 630.0606520175934, 516
845, 630.8071693778038, 554
846, 631.5536867380142, 546
847, 632.3002040982246, 577
848, 633.0467214584351, 617
849, 633.7932388186455, 675
850, 634.5397561788559, 648
851, 635.2862735390663, 702
852, 636.0327908992767, 706
853, 636.7793082594872, 702
854, 637.5258256196976, 674
855, 638.272342979908, 779
856, 639.0188603401184, 792
857, 639.7653777003288, 737
858, 640.5118950605392, 756
859, 641.2584124207497, 842
860, 642.0049297809601, 898
861, 642.7514471411705, 880
862, 643.4979645013809, 925
863, 644.2444818615913, 973
864, 644.9909992218018, 996
865, 645.7375165820122, 894
866, 646.4840339422226, 944
867, 647.230551302433, 1010
868, 647.9770686626434, 956
869, 648.7235860228539, 1030
870, 649.4701033830643, 1038
871, 650.2166207432747, 1012
872, 650.9631381034851, 1061
873, 651.7096554636955, 1092
874, 652.456172823906, 1061
875, 653.2026901841164, 1094
876, 653.9492075443268, 1112
877, 654.6957249045372, 1084
878, 655.4422422647476, 1133
879, 656.188759624958, 1134
880, 656.9352769851685, 1086
881, 657.6817943453789, 1096
882, 658.4283117055893, 1116
883, 659.1748290657997, 1109
884, 659.9213464260101, 1116
885, 660.6678637862206, 1185
886, 661.414381146431, 1135
887, 662.1608985066414, 1138
888, 662.9074158668518, 1156
889, 663.6539332270622, 1187
890, 664.4004505872726, 1156
891, 665.1469679474831, 1096
892, 665.8934853076935, 1123
893, 666.6400026679039, 1120
894, 667.3865200281143, 1110
895, 668.1330373883247, 1119
896, 668.8795547485352, 1112
897, 669.6260721087456, 1138
898, 670.372589468956, 1022
899, 671.1191068291664, 1072
900, 671.8656241893768, 1028
901, 672.6121415495872, 1037
902, 673.3586589097977, 1021
903, 674.1051762700081, 1051
904, 674.8516936302185, 951
905, 675.5982109904289, 958
906, 676.3447283506393, 1042
907, 677.0912457108498, 956
908, 677.8377630710602, 932
909, 678.5842804312706, 899
910, 679.330797791481, 928
911, 680.0773151516914, 844
912, 680.8238325119019, 908
913, 681.5703498721123, 888
914, 682.3168672323227, 862
915, 683.0633845925331, 789
916, 683.8099019527435, 802
917, 684.556419312954, 755
918, 685.3029366731644, 746
919, 686.0494540333748, 748
920, 686.7959713935852, 697
921, 687.5424887537956, 714
922, 688.289006114006, 687
923, 689.0355234742165, 624
924, 689.7820408344269, 645
925, 690.5285581946373, 583
926, 691.2750755548477, 585
927, 692.0215929150581, 597
928, 692.7681102752686, 528
929, 693.514627635479, 484
930, 694.2611449956894, 487
931, 695.0076623558998, 479
932, 695.7541797161102, 429
933, 696.5006970763206, 420
934, 697.2472144365311, 413
935, 697.9937317967415, 404
936, 698.7402491569519, 349
937, 699.4867665171623, 368
938, 700.2332838773727, 336
939, 700.9798012375832, 306
940, 701.7263185977936, 303
941, 702.472835958004, 279
942, 703.2193533182144, 248
943, 703.9658706784248, 241
944, 704.7123880386353, 249
945, 705.4589053988457, 227
946, 706.2054227590561, 238
947, 706.9519401192665, 225
948, 707.6984574794769, 176
949, 708.4449748396873, 166
950, 709.1914921998978, 151
951, 709.9380095601082, 134
952, 710.6845269203186, 130
953, 711.431044280529, 143
954, 712.1775616407394, 131
955, 712.9240790009499, 119
956, 713.6705963611603, 93
957, 714.4171137213707, 107
958, 715.1636310815811, 94
959, 715.9101484417915, 101
960, 716.656665802002, 77
961, 717.4031831622124, 72
962, 718.1497005224228, 60
963, 718.8962178826332, 64
964, 719.6427352428436, 51
965, 720.389252603054, 53
966, 721.1357699632645, 53
967, 721.8822873234749, 44
968, 722.6288046836853, 47
969, 723.3753220438957, 40
970, 724.1218394041061, 45
971, 724.8683567643166, 37
972, 725.614874124527, 25
973, 726.3613914847374, 37
974, 727.1079088449478, 28
975, 727.8544262051582, 25
976, 728.6009435653687, 20
977, 729.3474609255791, 21
978, 730.0939782857895, 34
979, 730.8404956459999, 29
980, 731.5870130062103, 21
981, 732.3335303664207, 20
982, 733.0800477266312, 16
983, 733.8265650868416, 18
984, 734.573082447052, 26
985, 735.3195998072624, 16
986, 736.0661171674728, 18
987, 736.8126345276833, 15
988, 737.5591518878937, 22
989, 738.3056692481041, 10
990, 739.0521866083145, 14
991, 739.7987039685249, 19
992, 740.5452213287354, 21
993, 741.2917386889458, 14
994, 742.0382560491562, 19
995, 742.7847734093666, 15
996, 743.531290769577, 17
997, 744.2778081297874, 15
998, 745.0243254899979, 16
999, 745.7708428502083, 20
1000, 746.5173602104187, 17
1001, 747.2638775706291, 16
1002, 748.0103949308395, 14
1003, 748.75691229105, 20
1004, 749.5034296512604, 14
1005, 750.2499470114708, 17
1006, 750.9964643716812, 15
1007, 751.7429817318916, 15
1008, 752.489499092102, 16
1009, 753.2360164523125, 18
1010, 753.9825338125229, 17
1011, 754.7290511727333, 15
1012, 755.4755685329437, 9
1013, 756.2220858931541, 12
1014, 756.9686032533646, 15
1015, 757.715120613575, 18
1016, 758.4616379737854, 14
1017, 759.2081553339958, 20
1018, 759.9546726942062, 16
1019, 760.7011900544167, 9
1020, 761.4477074146271, 18
1021, 762.1942247748375, 17
1022, 762.9407421350479, 16
1023, 763.6872594952583, 12
1024, 764.4337768554688, 11
1025, 765.1802942156792, 12
1026, 765.9268115758896, 14
1027, 766.6733289361, 14
1028, 767.4198462963104, 6
1029, 768.1663636565208, 11
1030, 768.9128810167313, 21
1031, 769.6593983769417, 22
1032, 770.4059157371521, 12
1033, 771.1524330973625, 11
1034, 771.8989504575729, 12
1035, 772.6454678177834, 13
1036, 773.3919851779938, 14
1037, 774.1385025382042, 14
1038, 774.8850198984146, 14
1039, 775.631537258625, 12
1040, 776.3780546188354, 17
1041, 777.1245719790459, 20
1042, 777.8710893392563, 19
1043, 778.6176066994667, 17
1044, 779.3641240596771, 19
1045, 780.1106414198875, 15
1046, 780.857158780098, 19
1047, 781.6036761403084, 14
1048, 782.3501935005188, 8
1049, 783.0967108607292, 17
1050, 783.8432282209396, 15
1051, 784.58974558115, 9
1052, 785.3362629413605, 14
1053, 786.0827803015709, 5
1054, 786.8292976617813, 17
1055, 787.5758150219917, 18
1056, 788.3223323822021, 15
1057, 789.0688497424126, 14
1058, 789.815367102623, 7
1059, 790.5618844628334, 9
1060, 791.3084018230438, 17
1061, 792.0549191832542, 9
1062, 792.8014365434647, 17
1063, 793.5479539036751, 11
1064, 794.2944712638855, 9
1065, 795.0409886240959, 15
1066, 795.7875059843063, 11
1067, 796.5340233445168, 14
1068, 797.2805407047272, 10
1069, 798.0270580649376, 9
1070, 798.773575425148, 13
1071, 799.5200927853584, 15
1072, 800.2666101455688, 12
1073, 801.0131275057793, 18
1074, 801.7596448659897, 24
1075, 802.5061622262001, 8
1076, 803.2526795864105, 21
1077, 803.9991969466209, 15
1078, 804.7457143068314, 16
1079, 805.4922316670418, 15
1080, 806.2387490272522, 10
1081, 806.9852663874626, 9
1082, 807.731783747673, 16
1083, 808.4783011078835, 23
1084, 809.2248184680939, 19
1085, 809.9713358283043, 11
1086, 810.7178531885147, 13
1087, 811.4643705487251, 11
1088, 812.2108879089355, 10
1089, 812.957405269146, 12
1090, 813.7039226293564, 14
1091, 814.4504399895668, 14
1092, 815.1969573497772, 16
1093, 815.9434747099876, 12
1094, 816.6899920701981, 18
1095, 817.4365094304085, 20
1096, 818.1830267906189, 15
1097, 818.9295441508293, 9
1098, 819.6760615110397, 11
1099, 820.4225788712502, 11
1100, 821.1690962314606, 11
1101, 821.915613591671, 11
1102, 822.6621309518814, 14
1103, 823.4086483120918, 19
1104, 824.1551656723022, 12
1105, 824.9016830325127, 20
1106, 825.6482003927231, 11
1107, 826.3947177529335, 10
1108, 827.1412351131439, 10
1109, 827.8877524733543, 10
1110, 828.6342698335648, 7
1111, 829.3807871937752, 20
1112, 830.1273045539856, 11
1113, 830.873821914196, 9
1114, 831.6203392744064, 11
1115, 832.3668566346169, 9
1116, 833.1133739948273, 14
1117, 833.8598913550377, 7
1118, 834.6064087152481, 11
1119, 835.3529260754585, 14
1120, 836.099443435669, 11
1121, 836.8459607958794, 24
1122, 837.5924781560898, 17
1123, 838.3389955163002, 20
1124, 839.0855128765106, 13
1125, 839.832030236721, 14
1126, 840.5785475969315, 19
1127, 841.3250649571419, 14
1128, 842.0715823173523, 12
1129, 842.8180996775627, 15
1130, 843.5646170377731, 10
1131, 844.3111343979836, 9
1132, 845.057651758194, 15
1133, 845.8041691184044, 13
1134, 846.5506864786148, 18
1135, 847.2972038388252, 13
1136, 848.0437211990356, 16
1137, 848.7902385592461, 11
1138, 849.5367559194565, 14
1139, 850.2832732796669, 20
1140, 851.0297906398773, 11
1141, 851.7763080000877, 11
1142, 852.5228253602982, 10
1143, 853.2693427205086, 14
1144, 854.015860080719, 13
1145, 854.7623774409294, 9
1146, 855.5088948011398, 14
1147, 856.2554121613503, 14
1148, 857.0019295215607, 11
1149, 857.7484468817711, 13
1150, 858.4949642419815, 15
1151, 859.2414816021919, 14
1152, 859.9879989624023, 28
1153, 860.7345163226128, 9
1154, 861.4810336828232, 8
1155, 862.2275510430336, 10
1156, 862.974068403244, 16
1157, 863.7205857634544, 10
1158, 864.4671031236649, 11
1159, 865.2136204838753, 18
1160, 865.9601378440857, 15
1161, 866.7066552042961, 12
1162, 867.4531725645065, 12
1163, 868.199689924717, 12
1164, 868.9462072849274, 11
1165, 869.6927246451378, 15
1166, 870.4392420053482, 18
1167, 871.1857593655586, 17
1168, 871.932276725769, 14
1169, 872.6787940859795, 10
1170, 873.4253114461899, 10
1171, 874.1718288064003, 12
1172, 874.9183461666107, 17
1173, 875.6648635268211, 9
1174, 876.4113808870316, 14
1175, 877.157898247242, 11
1176, 877.9044156074524, 8
1177, 878.6509329676628, 10
1178, 879.3974503278732, 14
1179, 880.1439676880836, 15
1180, 880.8904850482941, 11
1181, 881.6370024085045, 10
1182, 882.3835197687149, 17
1183, 883.1300371289253, 12
1184, 883.8765544891357, 16
1185, 884.6230718493462, 10
1186, 885.3695892095566, 19
1187, 886.116106569767, 8
1188, 886.8626239299774, 17
1189, 887.6091412901878, 15
1190, 888.3556586503983, 9
1191, 889.1021760106087, 13
1192, 889.8486933708191, 12
1193, 890.5952107310295, 16
1194, 891.3417280912399, 16
1195, 892.0882454514503, 16
1196, 892.8347628116608, 13
1197, 893.5812801718712, 14
1198, 894.3277975320816, 9
1199, 895.074314892292, 8
1200, 895.8208322525024, 7
1201, 896.5673496127129, 8
1202, 897.3138669729233, 15
1203, 898.0603843331337, 14
1204, 898.8069016933441, 8
1205, 899.5534190535545, 14
1206, 900.299936413765, 9
1207, 901.0464537739754, 10
1208, 901.7929711341858, 14
1209, 902.5394884943962, 14
1210, 903.2860058546066, 27
1211, 904.032523214817, 15
1212, 904.7790405750275, 7
1213, 905.5255579352379, 17
1214, 906.2720752954483, 12
1215, 907.0185926556587, 12
1216, 907.7651100158691, 17
1217, 908.5116273760796, 11
1218, 909.25814473629, 11
1219, 910.0046620965004, 14
1220, 910.7511794567108, 20
1221, 911.4976968169212, 15
1222, 912.2442141771317, 15
1223, 912.9907315373421, 14
1224, 913.7372488975525, 10
1225, 914.4837662577629, 12
1226, 915.2302836179733, 11
1227, 915.9768009781837, 9
1228, 916.7233183383942, 13
1229, 917.4698356986046, 19
1230, 918.216353058815, 12
1231, 918.9628704190254, 10
1232, 919.7093877792358, 11
1233, 920.4559051394463, 16
1234, 921.2024224996567, 9
1235, 921.9489398598671, 16
1236, 922.6954572200775, 17
1237, 923.4419745802879, 7
1238, 924.1884919404984, 12
1239, 924.9350093007088, 14
1240, 925.6815266609192, 11
1241, 926.4280440211296, 21
1242, 927.17456138134, 16
1243, 927.9210787415504, 15
1244, 928.6675961017609, 12
1245, 929.4141134619713, 7
1246, 930.1606308221817, 11
1247, 930.9071481823921, 14
1248, 931.6536655426025, 15
1249, 932.400182902813, 9
1250, 933.1467002630234, 11
1251, 933.8932176232338, 9
1252, 934.6397349834442, 13
1253, 935.3862523436546, 15
1254, 936.132769703865, 13
1255, 936.8792870640755, 11
1256, 937.6258044242859, 12
1257, 938.3723217844963, 19
1258, 939.1188391447067, 9
1259, 939.8653565049171, 10
1260, 940.6118738651276, 11
1261, 941.358391225338, 5
1262, 942.1049085855484, 16
1263, 942.8514259457588, 12
1264, 943.5979433059692, 7
1265, 944.3444606661797, 14
1266, 945.0909780263901, 16
1267, 945.8374953866005, 16
1268, 946.5840127468109, 10
1269, 947.3305301070213, 5
1270, 948.0770474672318, 15
1271, 948.8235648274422, 14
1272, 949.5700821876526, 7
1273, 950.316599547863, 16
1274, 951.0631169080734, 16
1275, 951.8096342682838, 9
1276, 952.5561516284943, 11
1277, 953.3026689887047, 13
1278, 954.0491863489151, 6
1279, 954.7957037091255, 11
1280, 955.5422210693359, 13
1281, 956.2887384295464, 4
1282, 957.0352557897568, 9
1283, 957.7817731499672, 9
1284, 958.5282905101776, 9
1285, 959.274807870388, 13
1286, 960.0213252305984, 11
1287, 960.7678425908089, 13
1288, 961.5143599510193, 12
1289, 962.2608773112297, 18
1290, 963.0073946714401, 12
1291, 963.7539120316505, 11
1292, 964.500429391861, 9
1293, 965.2469467520714, 17
1294, 965.9934641122818, 7
1295, 966.7399814724922, 12
1296, 967.4864988327026, 12
1297, 968.233016192913, 9
1298, 968.9795335531235, 6
1299, 969.7260509133339, 16
1300, 970.4725682735443, 7
1301, 971.2190856337547, 6
1302, 971.9656029939651, 10
1303, 972.7121203541756, 13
1304, 973.458637714386, 9
1305, 974.2051550745964, 6
1306, 974.9516724348068, 15
1307, 975.6981897950172, 8
1308, 976.4447071552277, 13
1309, 977.1912245154381, 8
1310, 977.9377418756485, 13
1311, 978.6842592358589, 11
1312, 979.4307765960693, 11
1313, 980.1772939562798, 15
1314, 980.9238113164902, 8
1315, 981.6703286767006, 21
1316, 982.416846036911, 10
1317, 983.1633633971214, 8
1318, 983.9098807573318, 11
1319, 984.6563981175423, 7
1320, 985.4029154777527, 10
1321, 986.1494328379631, 5
1322, 986.8959501981735, 5
1323, 987.6424675583839, 16
1324, 988.3889849185944, 8
1325, 989.1355022788048, 3
1326, 989.8820196390152, 11
1327, 990.6285369992256, 13
1328, 991.375054359436, 9
1329, 992.1215717196465, 10
1330, 992.8680890798569, 11
1331, 993.6146064400673, 7
1332, 994.3611238002777, 9
1333, 995.1076411604881, 8
1334, 995.8541585206985, 7
1335, 996.600675880909, 4
1336, 997.3471932411194, 6
1337, 998.0937106013298, 11
1338, 998.8402279615402, 7
1339, 999.5867453217506, 11
1340, 1000.3332626819611, 11
1341, 1001.0797800421715, 5
1342, 1001.8262974023819, 6
1343, 1002.5728147625923, 8
1344, 1003.3193321228027, 7
1345, 1004.0658494830132, 6
1346, 1004.8123668432236, 3
1347, 1005.558884203434, 8
1348, 1006.3054015636444, 6
1349, 1007.0519189238548, 10
1350, 1007.7984362840652, 10
1351, 1008.5449536442757, 11
1352, 1009.2914710044861, 9
1353, 1010.0379883646965, 12
1354, 1010.7845057249069, 9
1355, 1011.5310230851173, 10
1356, 1012.2775404453278, 10
1357, 1013.0240578055382, 10
1358, 1013.7705751657486, 8
1359, 1014.517092525959, 6
1360, 1015.2636098861694, 6
1361, 1016.0101272463799, 7
1362, 1016.7566446065903, 5
1363, 1017.5031619668007, 9
1364, 1018.2496793270111, 5
1365, 1018.9961966872215, 7
1366, 1019.742714047432, 9
1367, 1020.4892314076424, 9
1368, 1021.2357487678528, 5
1369, 1021.9822661280632, 10
1370, 1022.7287834882736, 10
1371, 1023.475300848484, 9
1372, 1024.2218182086945, 6
1373, 1024.9683355689049, 13
1374, 1025.7148529291153, 6
1375, 1026.4613702893257, 7
1376, 1027.2078876495361, 13
1377, 1027.9544050097466, 9
1378, 1028.700922369957, 4
1379, 1029.4474397301674, 7
1380, 1030.1939570903778, 10
1381, 1030.9404744505882, 6
1382, 1031.6869918107986, 10
1383, 1032.433509171009, 13
1384, 1033.1800265312195, 8
1385, 1033.92654389143, 6
1386, 1034.6730612516403, 4
1387, 1035.4195786118507, 3
1388, 1036.1660959720612, 8
1389, 1036.9126133322716, 7
1390, 1037.659130692482, 6
1391, 1038.4056480526924, 6
1392, 1039.1521654129028, 14
1393, 1039.8986827731133, 10
1394, 1040.6452001333237, 9
1395, 1041.391717493534, 11
1396, 1042.1382348537445, 9
1397, 1042.884752213955, 13
1398, 1043.6312695741653, 6
1399, 1044.3777869343758, 5
1400, 1045.1243042945862, 9
1401, 1045.8708216547966, 8
1402, 1046.617339015007, 7
1403, 1047.3638563752174, 6
1404, 1048.1103737354279, 6
1405, 1048.8568910956383, 8
1406, 1049.6034084558487, 2
1407, 1050.349925816059, 6
1408, 1051.0964431762695, 9
1409, 1051.84296053648, 14
1410, 1052.5894778966904, 15
1411, 1053.3359952569008, 11
1412, 1054.0825126171112, 11
1413, 1054.8290299773216, 9
1414, 1055.575547337532, 20
1415, 1056.3220646977425, 6
1416, 1057.0685820579529, 9
1417, 1057.8150994181633, 6
1418, 1058.5616167783737, 12
1419, 1059.3081341385841, 10
1420, 1060.0546514987946, 13
1421, 1060.801168859005, 13
1422, 1061.5476862192154, 10
1423, 1062.2942035794258, 10
1424, 1063.0407209396362, 7
1425, 1063.7872382998466, 8
1426, 1064.533755660057, 17
1427, 1065.2802730202675, 9
1428, 1066.026790380478, 8
1429, 1066.7733077406883, 5
1430, 1067.5198251008987, 11
1431, 1068.2663424611092, 16
1432, 1069.0128598213196, 7
1433, 1069.75937718153, 7
1434, 1070.5058945417404, 6
1435, 1071.2524119019508, 12
1436, 1071.9989292621613, 7
1437, 1072.7454466223717, 14
1438, 1073.491963982582, 12
1439, 1074.2384813427925, 9
1440, 1074.984998703003, 15
1441, 1075.7315160632133, 9
1442, 1076.4780334234238, 10
1443, 1077.2245507836342, 12
1444, 1077.9710681438446, 14
1445, 1078.717585504055, 9
1446, 1079.4641028642654, 9
1447, 1080.2106202244759, 9
1448, 1080.9571375846863, 7
1449, 1081.7036549448967, 12
1450, 1082.4501723051071, 11
1451, 1083.1966896653175, 8
1452, 1083.943207025528, 10
1453, 1084.6897243857384, 14
1454, 1085.4362417459488, 17
1455, 1086.1827591061592, 7
1456, 1086.9292764663696, 15
1457, 1087.67579382658, 7
1458, 1088.4223111867905, 11
1459, 1089.1688285470009, 10
1460, 1089.9153459072113, 7
1461, 1090.6618632674217, 12
1462, 1091.4083806276321, 9
1463, 1092.1548979878426, 12
1464, 1092.901415348053, 11
1465, 1093.6479327082634, 9
1466, 1094.3944500684738, 8
1467, 1095.1409674286842, 7
1468, 1095.8874847888947, 7
1469, 1096.634002149105, 12
1470, 1097.3805195093155, 11
1471, 1098.127036869526, 14
1472, 1098.8735542297363, 10
1473, 1099.6200715899467, 21
1474, 1100.3665889501572, 14
1475, 1101.1131063103676, 11
1476, 1101.859623670578, 14
1477, 1102.6061410307884, 13
1478, 1103.3526583909988, 6
1479, 1104.0991757512093, 11
1480, 1104.8456931114197, 9
1481, 1105.59221047163, 6
1482, 1106.3387278318405, 11
1483, 1107.085245192051, 18
1484, 1107.8317625522614, 11
1485, 1108.5782799124718, 8
1486, 1109.3247972726822, 9
1487, 1110.0713146328926, 7
1488, 1110.817831993103, 3
1489, 1111.5643493533134, 7
1490, 1112.3108667135239, 10
1491, 1113.0573840737343, 13
1492, 1113.8039014339447, 9
1493, 1114.5504187941551, 11
1494, 1115.2969361543655, 10
1495, 1116.043453514576, 10
1496, 1116.7899708747864, 7
1497, 1117.5364882349968, 15
1498, 1118.2830055952072, 8
1499, 1119.0295229554176, 6
1500, 1119.776040315628, 10
1501, 1120.5225576758385, 7
1502, 1121.269075036049, 9
1503, 1122.0155923962593, 4
1504, 1122.7621097564697, 12
1505, 1123.5086271166801, 13
1506, 1124.2551444768906, 11
1507, 1125.001661837101, 11
1508, 1125.7481791973114, 10
1509, 1126.4946965575218, 4
1510, 1127.2412139177322, 7
1511, 1127.9877312779427, 7
1512, 1128.734248638153, 10
1513, 1129.4807659983635, 6
1514, 1130.227283358574, 7
1515, 1130.9738007187843, 10
1516, 1131.7203180789948, 13
1517, 1132.4668354392052, 6
1518, 1133.2133527994156, 12
1519, 1133.959870159626, 12
1520, 1134.7063875198364, 10
1521, 1135.4529048800468, 7
1522, 1136.1994222402573, 4
1523, 1136.9459396004677, 7
1524, 1137.692456960678, 14
1525, 1138.4389743208885, 6
1526, 1139.185491681099, 9
1527, 1139.9320090413094, 6
1528, 1140.6785264015198, 6
1529, 1141.4250437617302, 11
1530, 1142.1715611219406, 9
1531, 1142.918078482151, 16
1532, 1143.6645958423615, 10
1533, 1144.4111132025719, 6
1534, 1145.1576305627823, 5
1535, 1145.9041479229927, 7
1536, 1146.6506652832031, 12
1537, 1147.3971826434135, 9
1538, 1148.143700003624, 10
1539, 1148.8902173638344, 8
1540, 1149.6367347240448, 7
1541, 1150.3832520842552, 8
1542, 1151.1297694444656, 9
1543, 1151.876286804676, 11
1544, 1152.6228041648865, 4
1545, 1153.369321525097, 8
1546, 1154.1158388853073, 12
1547, 1154.8623562455177, 8
1548, 1155.6088736057281, 5
1549, 1156.3553909659386, 5
1550, 1157.101908326149, 7
1551, 1157.8484256863594, 3
1552, 1158.5949430465698, 9
1553, 1159.3414604067802, 6
1554, 1160.0879777669907, 5
1555, 1160.834495127201, 7
1556, 1161.5810124874115, 6
1557, 1162.327529847622, 9
1558, 1163.0740472078323, 4
1559, 1163.8205645680428, 12
1560, 1164.5670819282532, 4
1561, 1165.3135992884636, 4
1562, 1166.060116648674, 9
1563, 1166.8066340088844, 7
1564, 1167.5531513690948, 13
1565, 1168.2996687293053, 10
1566, 1169.0461860895157, 9
1567, 1169.792703449726, 5
1568, 1170.5392208099365, 4
1569, 1171.285738170147, 6
1570, 1172.0322555303574, 12
1571, 1172.7787728905678, 4
1572, 1173.5252902507782, 5
1573, 1174.2718076109886, 9
1574, 1175.018324971199, 5
1575, 1175.7648423314095, 5
1576, 1176.5113596916199, 2
1577, 1177.2578770518303, 2
1578, 1178.0043944120407, 6
1579, 1178.7509117722511, 8
1580, 1179.4974291324615, 8
1581, 1180.243946492672, 7
1582, 1180.9904638528824, 7
1583, 1181.7369812130928, 8
1584, 1182.4834985733032, 8
1585, 1183.2300159335136, 4
1586, 1183.976533293724, 6
1587, 1184.7230506539345, 8
1588, 1185.469568014145, 8
1589, 1186.2160853743553, 8
1590, 1186.9626027345657, 9
1591, 1187.7091200947762, 7
1592, 1188.4556374549866, 3
1593, 1189.202154815197, 5
1594, 1189.9486721754074, 6
1595, 1190.6951895356178, 4
1596, 1191.4417068958282, 7
1597, 1192.1882242560387, 8
1598, 1192.934741616249, 4
1599, 1193.6812589764595, 4
1600, 1194.42777633667, 8
1601, 1195.1742936968803, 4
1602, 1195.9208110570908, 10
1603, 1196.6673284173012, 6
1604, 1197.4138457775116, 5
1605, 1198.160363137722, 3
1606, 1198.9068804979324, 4
1607, 1199.6533978581429, 7
1608, 1200.3999152183533, 3
1609, 1201.1464325785637, 6
1610, 1201.892949938774, 6
1611, 1202.6394672989845, 7
1612, 1203.385984659195, 3
1613, 1204.1325020194054, 6
1614, 1204.8790193796158, 9
1615, 1205.6255367398262, 9
1616, 1206.3720541000366, 8
1617, 1207.118571460247, 6
1618, 1207.8650888204575, 3
1619, 1208.6116061806679, 4
1620, 1209.3581235408783, 3
1621, 1210.1046409010887, 2
1622, 1210.8511582612991, 7
1623, 1211.5976756215096, 4
1624, 1212.34419298172, 6
1625, 1213.0907103419304, 4
1626, 1213.8372277021408, 3
1627, 1214.5837450623512, 5
1628, 1215.3302624225616, 6
1629, 1216.076779782772, 9
1630, 1216.8232971429825, 10
1631, 1217.569814503193, 4
1632, 1218.3163318634033, 4
1633, 1219.0628492236137, 3
1634, 1219.8093665838242, 9
1635, 1220.5558839440346, 7
1636, 1221.302401304245, 5
1637, 1222.0489186644554, 2
1638, 1222.7954360246658, 5
1639, 1223.5419533848763, 1
1640, 1224.2884707450867, 5
1641, 1225.034988105297, 5
1642, 1225.7815054655075, 6
1643, 1226.528022825718, 7
1644, 1227.2745401859283, 3
1645, 1228.0210575461388, 5
1646, 1228.7675749063492, 2
1647, 1229.5140922665596, 5
1648, 1230.26060962677, 8
1649, 1231.0071269869804, 7
1650, 1231.7536443471909, 4
1651, 1232.5001617074013, 7
1652, 1233.2466790676117, 5
1653, 1233.993196427822, 8
1654, 1234.7397137880325, 7
1655, 1235.486231148243, 5
1656, 1236.2327485084534, 4
1657, 1236.9792658686638, 5
1658, 1237.7257832288742, 5
1659, 1238.4723005890846, 3
1660, 1239.218817949295, 4
1661, 1239.9653353095055, 8
1662, 1240.7118526697159, 2
1663, 1241.4583700299263, 4
1664, 1242.2048873901367, 5
1665, 1242.9514047503471, 1
1666, 1243.6979221105576, 6
1667, 1244.444439470768, 6
1668, 1245.1909568309784, 5
1669, 1245.9374741911888, 8
1670, 1246.6839915513992, 5
1671, 1247.4305089116096, 4
1672, 1248.17702627182, 9
1673, 1248.9235436320305, 2
1674, 1249.670060992241, 1
1675, 1250.4165783524513, 2
1676, 1251.1630957126617, 9
1677, 1251.9096130728722, 5
1678, 1252.6561304330826, 9
1679, 1253.402647793293, 3
1680, 1254.1491651535034, 7
1681, 1254.8956825137138, 8
1682, 1255.6421998739243, 3
1683, 1256.3887172341347, 9
1684, 1257.135234594345, 4
1685, 1257.8817519545555, 3
1686, 1258.628269314766, 5
1687, 1259.3747866749763, 8
1688, 1260.1213040351868, 4
1689, 1260.8678213953972, 6
1690, 1261.6143387556076, 2
1691, 1262.360856115818, 5
1692, 1263.1073734760284, 10
1693, 1263.8538908362389, 9
1694, 1264.6004081964493, 6
1695, 1265.3469255566597, 12
1696, 1266.0934429168701, 4
1697, 1266.8399602770805, 5
1698, 1267.586477637291, 8
1699, 1268.3329949975014, 4
1700, 1269.0795123577118, 7
1701, 1269.8260297179222, 4
1702, 1270.5725470781326, 9
1703, 1271.319064438343, 5
1704, 1272.0655817985535, 6
1705, 1272.8120991587639, 3
1706, 1273.5586165189743, 2
1707, 1274.3051338791847, 3
1708, 1275.0516512393951, 5
1709, 1275.7981685996056, 3
1710, 1276.544685959816, 9
1711, 1277.2912033200264, 5
1712, 1278.0377206802368, 4
1713, 1278.7842380404472, 8
1714, 1279.5307554006577, 8
1715, 1280.277272760868, 5
1716, 1281.0237901210785, 3
1717, 1281.770307481289, 12
1718, 1282.5168248414993, 5
1719, 1283.2633422017097, 7
1720, 1284.0098595619202, 10
1721, 1284.7563769221306, 8
1722, 1285.502894282341, 10
1723, 1286.2494116425514, 10
1724, 1286.9959290027618, 7
1725, 1287.7424463629723, 6
1726, 1288.4889637231827, 4
1727, 1289.235481083393, 7
1728, 1289.9819984436035, 9
1729, 1290.728515803814, 10
1730, 1291.4750331640244, 4
1731, 1292.2215505242348, 9
1732, 1292.9680678844452, 7
1733, 1293.7145852446556, 4
1734, 1294.461102604866, 11
1735, 1295.2076199650764, 5
1736, 1295.9541373252869, 4
1737, 1296.7006546854973, 9
1738, 1297.4471720457077, 4
1739, 1298.1936894059181, 3
1740, 1298.9402067661285, 9
1741, 1299.686724126339, 7
1742, 1300.4332414865494, 7
1743, 1301.1797588467598, 6
1744, 1301.9262762069702, 7
1745, 1302.6727935671806, 7
1746, 1303.419310927391, 6
1747, 1304.1658282876015, 4
1748, 1304.912345647812, 12
1749, 1305.6588630080223, 4
1750, 1306.4053803682327, 4
1751, 1307.1518977284431, 7
1752, 1307.8984150886536, 9
1753, 1308.644932448864, 11
1754, 1309.3914498090744, 8
1755, 1310.1379671692848, 7
1756, 1310.8844845294952, 8
1757, 1311.6310018897057, 8
1758, 1312.377519249916, 10
1759, 1313.1240366101265, 7
1760, 1313.870553970337, 8
1761, 1314.6170713305473, 7
1762, 1315.3635886907578, 5
1763, 1316.1101060509682, 5
1764, 1316.8566234111786, 3
1765, 1317.603140771389, 11
1766, 1318.3496581315994, 7
1767, 1319.0961754918098, 7
1768, 1319.8426928520203, 9
1769, 1320.5892102122307, 11
1770, 1321.335727572441, 6
1771, 1322.0822449326515, 6
1772, 1322.828762292862, 6
1773, 1323.5752796530724, 7
1774, 1324.3217970132828, 3
1775, 1325.0683143734932, 7
1776, 1325.8148317337036, 3
1777, 1326.561349093914, 4
1778, 1327.3078664541245, 5
1779, 1328.0543838143349, 8
1780, 1328.8009011745453, 12
1781, 1329.5474185347557, 4
1782, 1330.2939358949661, 5
1783, 1331.0404532551765, 5
1784, 1331.786970615387, 11
1785, 1332.5334879755974, 6
1786, 1333.2800053358078, 3
1787, 1334.0265226960182, 5
1788, 1334.7730400562286, 11
1789, 1335.519557416439, 5
1790, 1336.2660747766495, 5
1791, 1337.01259213686, 7
1792, 1337.7591094970703, 5
1793, 1338.5056268572807, 4
1794, 1339.2521442174911, 7
1795, 1339.9986615777016, 8
1796, 1340.745178937912, 10
1797, 1341.4916962981224, 9
1798, 1342.2382136583328, 10
1799, 1342.9847310185432, 4
1800, 1343.7312483787537, 4
1801, 1344.477765738964, 8
1802, 1345.2242830991745, 3
1803, 1345.970800459385, 8
1804, 1346.7173178195953, 6
1805, 1347.4638351798058, 9
1806, 1348.2103525400162, 12
1807, 1348.9568699002266, 9
1808, 1349.703387260437, 8
1809, 1350.4499046206474, 8
1810, 1351.1964219808578, 4
1811, 1351.9429393410683, 6
1812, 1352.6894567012787, 10
1813, 1353.435974061489, 10
1814, 1354.1824914216995, 5
1815, 1354.92900878191, 6
1816, 1355.6755261421204, 8
1817, 1356.4220435023308, 2
1818, 1357.1685608625412, 7
1819, 1357.9150782227516, 7
1820, 1358.661595582962, 8
1821, 1359.4081129431725, 8
1822, 1360.1546303033829, 12
1823, 1360.9011476635933, 5
1824, 1361.6476650238037, 5
1825, 1362.3941823840141, 10
1826, 1363.1406997442245, 5
1827, 1363.887217104435, 13
1828, 1364.6337344646454, 7
1829, 1365.3802518248558, 8
1830, 1366.1267691850662, 8
1831, 1366.8732865452766, 6
1832, 1367.619803905487, 8
1833, 1368.3663212656975, 7
1834, 1369.112838625908, 10
1835, 1369.8593559861183, 9
1836, 1370.6058733463287, 8
1837, 1371.3523907065392, 9
1838, 1372.0989080667496, 12
1839, 1372.84542542696, 11
1840, 1373.5919427871704, 11
1841, 1374.3384601473808, 9
1842, 1375.0849775075912, 10
1843, 1375.8314948678017, 13
1844, 1376.578012228012, 11
1845, 1377.3245295882225, 5
1846, 1378.071046948433, 7
1847, 1378.8175643086433, 9
1848, 1379.5640816688538, 5
1849, 1380.3105990290642, 9
1850, 1381.0571163892746, 7
1851, 1381.803633749485, 6
1852, 1382.5501511096954, 15
1853, 1383.2966684699059, 7
1854, 1384.0431858301163, 9
1855, 1384.7897031903267, 10
1856, 1385.536220550537, 5
1857, 1386.2827379107475, 10
1858, 1387.029255270958, 7
1859, 1387.7757726311684, 13
1860, 1388.5222899913788, 19
1861, 1389.2688073515892, 6
1862, 1390.0153247117996, 4
1863, 1390.76184207201, 7
1864, 1391.5083594322205, 6
1865, 1392.2548767924309, 8
1866, 1393.0013941526413, 9
1867, 1393.7479115128517, 13
1868, 1394.4944288730621, 11
1869, 1395.2409462332726, 13
1870, 1395.987463593483, 14
1871, 1396.7339809536934, 8
1872, 1397.4804983139038, 14
1873, 1398.2270156741142, 5
1874, 1398.9735330343246, 6
1875, 1399.720050394535, 9
1876, 1400.4665677547455, 14
1877, 1401.213085114956, 10
1878, 1401.9596024751663, 3
1879, 1402.7061198353767, 9
1880, 1403.4526371955872, 5
1881, 1404.1991545557976, 11
1882, 1404.945671916008, 14
1883, 1405.6921892762184, 8
1884, 1406.4387066364288, 6
1885, 1407.1852239966393, 11
1886, 1407.9317413568497, 11
1887, 1408.67825871706, 12
1888, 1409.4247760772705, 13
1889, 1410.171293437481, 16
1890, 1410.9178107976913, 8
1891, 1411.6643281579018, 4
1892, 1412.4108455181122, 11
1893, 1413.1573628783226, 6
1894, 1413.903880238533, 6
1895, 1414.6503975987434, 10
1896, 1415.3969149589539, 9
1897, 1416.1434323191643, 12
1898, 1416.8899496793747, 8
1899, 1417.636467039585, 8
1900, 1418.3829843997955, 8
1901, 1419.129501760006, 9
1902, 1419.8760191202164, 10
1903, 1420.6225364804268, 10
1904, 1421.3690538406372, 8
1905, 1422.1155712008476, 10
1906, 1422.862088561058, 9
1907, 1423.6086059212685, 5
1908, 1424.3551232814789, 8
1909, 1425.1016406416893, 12
1910, 1425.8481580018997, 6
1911, 1426.5946753621101, 14
1912, 1427.3411927223206, 6
1913, 1428.087710082531, 12
1914, 1428.8342274427414, 8
1915, 1429.5807448029518, 11
1916, 1430.3272621631622, 8
1917, 1431.0737795233727, 7
1918, 1431.820296883583, 7
1919, 1432.5668142437935, 9
1920, 1433.313331604004, 16
1921, 1434.0598489642143, 10
1922, 1434.8063663244247, 8
1923, 1435.5528836846352, 8
1924, 1436.2994010448456, 4
1925, 1437.045918405056, 9
1926, 1437.7924357652664, 15
1927, 1438.5389531254768, 10
1928, 1439.2854704856873, 8
1929, 1440.0319878458977, 5
1930, 1440.778505206108, 8
1931, 1441.5250225663185, 9
1932, 1442.271539926529, 8
1933, 1443.0180572867393, 8
1934, 1443.7645746469498, 4
1935, 1444.5110920071602, 9
1936, 1445.2576093673706, 6
1937, 1446.004126727581, 4
1938, 1446.7506440877914, 7
1939, 1447.4971614480019, 10
1940, 1448.2436788082123, 4
1941, 1448.9901961684227, 7
1942, 1449.7367135286331, 5
1943, 1450.4832308888435, 10
1944, 1451.229748249054, 4
1945, 1451.9762656092644, 10
1946, 1452.7227829694748, 3
1947, 1453.4693003296852, 5
1948, 1454.2158176898956, 6
1949, 1454.962335050106, 10
1950, 1455.7088524103165, 2
1951, 1456.4553697705269, 7
1952, 1457.2018871307373, 6
1953, 1457.9484044909477, 6
1954, 1458.6949218511581, 5
1955, 1459.4414392113686, 5
1956, 1460.187956571579, 5
1957, 1460.9344739317894, 5
1958, 1461.6809912919998, 4
1959, 1462.4275086522102, 4
1960, 1463.1740260124207, 3
1961, 1463.920543372631, 5
1962, 1464.6670607328415, 6
1963, 1465.413578093052, 3
1964, 1466.1600954532623, 6
1965, 1466.9066128134727, 3
1966, 1467.6531301736832, 7
1967, 1468.3996475338936, 3
1968, 1469.146164894104, 3
1969, 1469.8926822543144, 5
1970, 1470.6391996145248, 4
1971, 1471.3857169747353, 5
1972, 1472.1322343349457, 1
1973, 1472.878751695156, 3
1974, 1473.6252690553665, 5
1975, 1474.371786415577, 1
1976, 1475.1183037757874, 6
1977, 1475.8648211359978, 3
1978, 1476.6113384962082, 7
1979, 1477.3578558564186, 3
1980, 1478.104373216629, 4
1981, 1478.8508905768394, 4
1982, 1479.5974079370499, 5
1983, 1480.3439252972603, 9
1984, 1481.0904426574707, 2
1985, 1481.8369600176811, 2
1986, 1482.5834773778915, 3
1987, 1483.329994738102, 3
1988, 1484.0765120983124, 2
1989, 1484.8230294585228, 1
1990, 1485.5695468187332, 3
1991, 1486.3160641789436, 2
1992, 1487.062581539154, 5
1993, 1487.8090988993645, 8
1994, 1488.555616259575, 1
1995, 1489.3021336197853, 1
1996, 1490.0486509799957, 1
1997, 1490.7951683402061, 2
1998, 1491.5416857004166, 3
1999, 1492.288203060627, 3
2000, 1493.0347204208374, 4
2001, 1493.7812377810478, 4
2002, 1494.5277551412582, 8
2003, 1495.2742725014687, 1
2004, 1496.020789861679, 3
2005, 1496.7673072218895, 4
2006, 1497.5138245821, 1
2007, 1498.2603419423103, 1
2008, 1499.0068593025208, 2
2009, 1499.7533766627312, 3
2010, 1500.4998940229416, 4
2011, 1501.246411383152, 1
2012, 1501.9929287433624, 1
2013, 1502.7394461035728, 0
2014, 1503.4859634637833, 1
2015, 1504.2324808239937, 1
2016, 1504.978998184204, 5
2017, 1505.7255155444145, 1
2018, 1506.472032904625, 5
2019, 1507.2185502648354, 0
2020, 1507.9650676250458, 3
2021, 1508.7115849852562, 2
2022, 1509.4581023454666, 3
2023, 1510.204619705677, 2
2024, 1510.9511370658875, 3
2025, 1511.6976544260979, 1
2026, 1512.4441717863083, 0
2027, 1513.1906891465187, 3
2028, 1513.9372065067291, 2
2029, 1514.6837238669395, 1
2030, 1515.43024122715, 1
2031, 1516.1767585873604, 4
2032, 1516.9232759475708, 0
2033, 1517.6697933077812, 1
2034, 1518.4163106679916, 2
2035, 1519.162828028202, 6
2036, 1519.9093453884125, 6
2037, 1520.655862748623, 2
2038, 1521.4023801088333, 1
2039, 1522.1488974690437, 2
2040, 1522.8954148292542, 1
2041, 1523.6419321894646, 4
2042, 1524.388449549675, 2
2043, 1525.1349669098854, 1
2044, 1525.8814842700958, 0
2045, 1526.6280016303062, 2
2046, 1527.3745189905167, 2
2047, 1528.121036350727, 2
2048, 1528.8675537109375, 2
