Start Time, Fri Apr 17 13:53:13 GMT-0400 2026
Energy calibration,  Offset: -15.219706535339355, Slope: 0.7653962969779968, Quadratic: 0
Live Time (s), 120
Real Time (s), 124.329614
Elapsed Computational, 0
Spectrum
Channel, Energy (keV), Counts
1, -14.454310238361359, 0
2, -13.688913941383362, 0
3, -12.923517644405365, 0
4, -12.158121347427368, 0
5, -11.392725050449371, 0
6, -10.627328753471375, 0
7, -9.861932456493378, 11
8, -9.09653615951538, 495
9, -8.331139862537384, 1386
10, -7.565743565559387, 1523
11, -6.80034726858139, 1254
12, -6.0349509716033936, 892
13, -5.269554674625397, 577
14, -4.5041583776474, 408
15, -3.738762080669403, 309
16, -2.9733657836914063, 299
17, -2.2079694867134094, 275
18, -1.4425731897354126, 242
19, -0.6771768927574158, 300
20, 0.08821940422058105, 308
21, 0.8536157011985779, 272
22, 1.6190119981765747, 280
23, 2.3844082951545715, 301
24, 3.1498045921325684, 293
25, 3.915200889110565, 329
26, 4.680597186088562, 292
27, 5.445993483066559, 306
28, 6.211389780044556, 281
29, 6.9767860770225525, 364
30, 7.742182374000549, 409
31, 8.507578670978546, 480
32, 9.272974967956543, 543
33, 10.03837126493454, 699
34, 10.803767561912537, 773
35, 11.569163858890533, 915
36, 12.33456015586853, 1182
37, 13.099956452846527, 1486
38, 13.865352749824524, 1919
39, 14.63074904680252, 2436
40, 15.396145343780518, 3486
41, 16.161541640758514, 4707
42, 16.92693793773651, 6328
43, 17.692334234714508, 8699
44, 18.457730531692505, 11506
45, 19.2231268286705, 14024
46, 19.9885231256485, 16449
47, 20.753919422626495, 18516
48, 21.519315719604492, 18905
49, 22.28471201658249, 18693
50, 23.050108313560486, 16938
51, 23.815504610538483, 15058
52, 24.58090090751648, 12291
53, 25.346297204494476, 9730
54, 26.111693501472473, 7511
55, 26.87708979845047, 5678
56, 27.642486095428467, 4228
57, 28.407882392406464, 3207
58, 29.17327868938446, 2313
59, 29.938674986362457, 1731
60, 30.704071283340454, 1244
61, 31.46946758031845, 914
62, 32.23486387729645, 711
63, 33.000260174274445, 581
64, 33.76565647125244, 522
65, 34.53105276823044, 546
66, 35.296449065208435, 502
67, 36.06184536218643, 549
68, 36.82724165916443, 538
69, 37.592637956142426, 569
70, 38.35803425312042, 666
71, 39.12343055009842, 677
72, 39.888826847076416, 742
73, 40.65422314405441, 811
74, 41.41961944103241, 911
75, 42.18501573801041, 911
76, 42.9504120349884, 1056
77, 43.7158083319664, 1077
78, 44.4812046289444, 1088
79, 45.246600925922394, 1176
80, 46.01199722290039, 1118
81, 46.77739351987839, 1200
82, 47.542789816856384, 1216
83, 48.30818611383438, 1182
84, 49.07358241081238, 1114
85, 49.838978707790375, 1153
86, 50.60437500476837, 1094
87, 51.36977130174637, 1175
88, 52.135167598724365, 1092
89, 52.90056389570236, 1133
90, 53.66596019268036, 1233
91, 54.431356489658356, 1257
92, 55.19675278663635, 1263
93, 55.96214908361435, 1343
94, 56.727545380592346, 1415
95, 57.49294167757034, 1454
96, 58.25833797454834, 1544
97, 59.02373427152634, 1578
98, 59.78913056850433, 1487
99, 60.55452686548233, 1458
100, 61.31992316246033, 1419
101, 62.085319459438324, 1374
102, 62.85071575641632, 1441
103, 63.61611205339432, 1375
104, 64.38150835037231, 1424
105, 65.14690464735031, 1403
106, 65.91230094432831, 1446
107, 66.6776972413063, 1479
108, 67.4430935382843, 1511
109, 68.2084898352623, 1704
110, 68.9738861322403, 1825
111, 69.73928242921829, 2036
112, 70.50467872619629, 2229
113, 71.27007502317429, 2557
114, 72.03547132015228, 2960
115, 72.80086761713028, 3255
116, 73.56626391410828, 3689
117, 74.33166021108627, 3945
118, 75.09705650806427, 4224
119, 75.86245280504227, 4733
120, 76.62784910202026, 5031
121, 77.39324539899826, 5236
122, 78.15864169597626, 5233
123, 78.92403799295425, 5320
124, 79.68943428993225, 5229
125, 80.45483058691025, 5037
126, 81.22022688388824, 4754
127, 81.98562318086624, 4404
128, 82.75101947784424, 3904
129, 83.51641577482224, 3483
130, 84.28181207180023, 3113
131, 85.04720836877823, 2695
132, 85.81260466575623, 2182
133, 86.57800096273422, 1877
134, 87.34339725971222, 1541
135, 88.10879355669022, 1252
136, 88.87418985366821, 1059
137, 89.63958615064621, 841
138, 90.4049824476242, 839
139, 91.1703787446022, 720
140, 91.9357750415802, 699
141, 92.7011713385582, 649
142, 93.4665676355362, 610
143, 94.23196393251419, 573
144, 94.99736022949219, 541
145, 95.76275652647018, 607
146, 96.52815282344818, 580
147, 97.29354912042618, 569
148, 98.05894541740417, 602
149, 98.82434171438217, 573
150, 99.58973801136017, 630
151, 100.35513430833817, 612
152, 101.12053060531616, 596
153, 101.88592690229416, 635
154, 102.65132319927216, 655
155, 103.41671949625015, 684
156, 104.18211579322815, 702
157, 104.94751209020615, 709
158, 105.71290838718414, 696
159, 106.47830468416214, 771
160, 107.24370098114014, 719
161, 108.00909727811813, 755
162, 108.77449357509613, 805
163, 109.53988987207413, 806
164, 110.30528616905212, 864
165, 111.07068246603012, 856
166, 111.83607876300812, 918
167, 112.60147505998611, 931
168, 113.36687135696411, 923
169, 114.13226765394211, 900
170, 114.8976639509201, 902
171, 115.6630602478981, 936
172, 116.4284565448761, 909
173, 117.1938528418541, 897
174, 117.95924913883209, 880
175, 118.72464543581009, 886
176, 119.49004173278809, 820
177, 120.25543802976608, 764
178, 121.02083432674408, 778
179, 121.78623062372208, 769
180, 122.55162692070007, 693
181, 123.31702321767807, 638
182, 124.08241951465607, 626
183, 124.84781581163406, 677
184, 125.61321210861206, 605
185, 126.37860840559006, 580
186, 127.14400470256805, 573
187, 127.90940099954605, 576
188, 128.67479729652405, 566
189, 129.44019359350204, 566
190, 130.20558989048004, 550
191, 130.97098618745804, 570
192, 131.73638248443604, 593
193, 132.50177878141403, 595
194, 133.26717507839203, 536
195, 134.03257137537003, 548
196, 134.79796767234802, 540
197, 135.56336396932602, 566
198, 136.32876026630402, 591
199, 137.094156563282, 598
200, 137.85955286026, 603
201, 138.624949157238, 584
202, 139.390345454216, 574
203, 140.155741751194, 642
204, 140.921138048172, 628
205, 141.68653434515, 597
206, 142.451930642128, 644
207, 143.217326939106, 600
208, 143.98272323608398, 605
209, 144.74811953306198, 612
210, 145.51351583003998, 666
211, 146.27891212701797, 642
212, 147.04430842399597, 634
213, 147.80970472097397, 632
214, 148.57510101795197, 624
215, 149.34049731492996, 652
216, 150.10589361190796, 589
217, 150.87128990888596, 696
218, 151.63668620586395, 662
219, 152.40208250284195, 662
220, 153.16747879981995, 678
221, 153.93287509679794, 656
222, 154.69827139377594, 676
223, 155.46366769075394, 646
224, 156.22906398773193, 659
225, 156.99446028470993, 669
226, 157.75985658168793, 628
227, 158.52525287866592, 672
228, 159.29064917564392, 626
229, 160.05604547262192, 611
230, 160.82144176959991, 644
231, 161.5868380665779, 653
232, 162.3522343635559, 651
233, 163.1176306605339, 635
234, 163.8830269575119, 613
235, 164.6484232544899, 667
236, 165.4138195514679, 573
237, 166.1792158484459, 639
238, 166.9446121454239, 602
239, 167.7100084424019, 572
240, 168.47540473937988, 613
241, 169.24080103635788, 601
242, 170.00619733333588, 586
243, 170.77159363031387, 591
244, 171.53698992729187, 575
245, 172.30238622426987, 589
246, 173.06778252124786, 560
247, 173.83317881822586, 578
248, 174.59857511520386, 542
249, 175.36397141218185, 557
250, 176.12936770915985, 509
251, 176.89476400613785, 559
252, 177.66016030311584, 588
253, 178.42555660009384, 540
254, 179.19095289707184, 518
255, 179.95634919404984, 552
256, 180.72174549102783, 544
257, 181.48714178800583, 522
258, 182.25253808498383, 554
259, 183.01793438196182, 519
260, 183.78333067893982, 534
261, 184.54872697591782, 495
262, 185.3141232728958, 526
263, 186.0795195698738, 530
264, 186.8449158668518, 510
265, 187.6103121638298, 516
266, 188.3757084608078, 506
267, 189.1411047577858, 512
268, 189.9065010547638, 522
269, 190.6718973517418, 502
270, 191.4372936487198, 508
271, 192.20268994569778, 493
272, 192.96808624267578, 496
273, 193.73348253965378, 522
274, 194.49887883663177, 473
275, 195.26427513360977, 492
276, 196.02967143058777, 460
277, 196.79506772756577, 501
278, 197.56046402454376, 467
279, 198.32586032152176, 508
280, 199.09125661849976, 488
281, 199.85665291547775, 495
282, 200.62204921245575, 434
283, 201.38744550943375, 453
284, 202.15284180641174, 475
285, 202.91823810338974, 438
286, 203.68363440036774, 460
287, 204.44903069734573, 459
288, 205.21442699432373, 457
289, 205.97982329130173, 407
290, 206.74521958827972, 412
291, 207.51061588525772, 451
292, 208.27601218223572, 435
293, 209.04140847921371, 435
294, 209.8068047761917, 416
295, 210.5722010731697, 434
296, 211.3375973701477, 380
297, 212.1029936671257, 429
298, 212.8683899641037, 427
299, 213.6337862610817, 422
300, 214.3991825580597, 416
301, 215.1645788550377, 418
302, 215.9299751520157, 364
303, 216.69537144899368, 402
304, 217.46076774597168, 392
305, 218.22616404294968, 389
306, 218.99156033992767, 429
307, 219.75695663690567, 371
308, 220.52235293388367, 425
309, 221.28774923086166, 378
310, 222.05314552783966, 367
311, 222.81854182481766, 389
312, 223.58393812179565, 374
313, 224.34933441877365, 409
314, 225.11473071575165, 371
315, 225.88012701272964, 403
316, 226.64552330970764, 406
317, 227.41091960668564, 387
318, 228.17631590366364, 376
319, 228.94171220064163, 394
320, 229.70710849761963, 373
321, 230.47250479459763, 385
322, 231.23790109157562, 399
323, 232.00329738855362, 397
324, 232.76869368553162, 372
325, 233.5340899825096, 371
326, 234.2994862794876, 367
327, 235.0648825764656, 377
328, 235.8302788734436, 374
329, 236.5956751704216, 374
330, 237.3610714673996, 342
331, 238.1264677643776, 330
332, 238.8918640613556, 357
333, 239.6572603583336, 335
334, 240.42265665531158, 338
335, 241.18805295228958, 365
336, 241.95344924926758, 341
337, 242.71884554624557, 318
338, 243.48424184322357, 329
339, 244.24963814020157, 373
340, 245.01503443717957, 332
341, 245.78043073415756, 320
342, 246.54582703113556, 304
343, 247.31122332811356, 339
344, 248.07661962509155, 336
345, 248.84201592206955, 316
346, 249.60741221904755, 293
347, 250.37280851602554, 320
348, 251.13820481300354, 320
349, 251.90360110998154, 307
350, 252.66899740695953, 345
351, 253.43439370393753, 320
352, 254.19979000091553, 307
353, 254.96518629789352, 345
354, 255.73058259487152, 343
355, 256.4959788918495, 352
356, 257.2613751888275, 341
357, 258.0267714858055, 372
358, 258.7921677827835, 363
359, 259.5575640797615, 344
360, 260.3229603767395, 387
361, 261.0883566737175, 375
362, 261.8537529706955, 398
363, 262.6191492676735, 407
364, 263.3845455646515, 377
365, 264.1499418616295, 411
366, 264.9153381586075, 400
367, 265.6807344555855, 430
368, 266.4461307525635, 418
369, 267.2115270495415, 427
370, 267.97692334651947, 447
371, 268.74231964349747, 507
372, 269.50771594047546, 481
373, 270.27311223745346, 461
374, 271.03850853443146, 519
375, 271.80390483140945, 459
376, 272.56930112838745, 513
377, 273.33469742536545, 521
378, 274.10009372234344, 527
379, 274.86549001932144, 507
380, 275.63088631629944, 559
381, 276.39628261327744, 537
382, 277.16167891025543, 574
383, 277.92707520723343, 552
384, 278.6924715042114, 580
385, 279.4578678011894, 579
386, 280.2232640981674, 570
387, 280.9886603951454, 560
388, 281.7540566921234, 619
389, 282.5194529891014, 604
390, 283.2848492860794, 636
391, 284.0502455830574, 619
392, 284.8156418800354, 664
393, 285.5810381770134, 604
394, 286.3464344739914, 622
395, 287.1118307709694, 692
396, 287.8772270679474, 633
397, 288.6426233649254, 767
398, 289.4080196619034, 736
399, 290.1734159588814, 734
400, 290.9388122558594, 740
401, 291.7042085528374, 754
402, 292.46960484981537, 720
403, 293.23500114679337, 757
404, 294.00039744377136, 802
405, 294.76579374074936, 753
406, 295.53119003772736, 779
407, 296.29658633470535, 824
408, 297.06198263168335, 770
409, 297.82737892866135, 796
410, 298.59277522563934, 805
411, 299.35817152261734, 834
412, 300.12356781959534, 864
413, 300.88896411657333, 845
414, 301.65436041355133, 797
415, 302.4197567105293, 840
416, 303.1851530075073, 855
417, 303.9505493044853, 882
418, 304.7159456014633, 872
419, 305.4813418984413, 851
420, 306.2467381954193, 839
421, 307.0121344923973, 846
422, 307.7775307893753, 839
423, 308.5429270863533, 801
424, 309.3083233833313, 860
425, 310.0737196803093, 821
426, 310.8391159772873, 849
427, 311.6045122742653, 797
428, 312.3699085712433, 794
429, 313.1353048682213, 780
430, 313.9007011651993, 752
431, 314.6660974621773, 747
432, 315.4314937591553, 777
433, 316.19689005613327, 765
434, 316.96228635311127, 720
435, 317.72768265008926, 662
436, 318.49307894706726, 682
437, 319.25847524404526, 693
438, 320.02387154102325, 662
439, 320.78926783800125, 682
440, 321.55466413497925, 640
441, 322.32006043195724, 632
442, 323.08545672893524, 626
443, 323.85085302591324, 669
444, 324.61624932289124, 589
445, 325.38164561986923, 647
446, 326.14704191684723, 584
447, 326.9124382138252, 634
448, 327.6778345108032, 642
449, 328.4432308077812, 639
450, 329.2086271047592, 663
451, 329.9740234017372, 712
452, 330.7394196987152, 700
453, 331.5048159956932, 717
454, 332.2702122926712, 709
455, 333.0356085896492, 790
456, 333.8010048866272, 798
457, 334.5664011836052, 774
458, 335.3317974805832, 862
459, 336.0971937775612, 867
460, 336.8625900745392, 880
461, 337.6279863715172, 914
462, 338.3933826684952, 953
463, 339.1587789654732, 1026
464, 339.9241752624512, 1027
465, 340.68957155942917, 1053
466, 341.45496785640717, 1083
467, 342.22036415338516, 1215
468, 342.98576045036316, 1194
469, 343.75115674734116, 1309
470, 344.51655304431915, 1328
471, 345.28194934129715, 1311
472, 346.04734563827515, 1472
473, 346.81274193525314, 1478
474, 347.57813823223114, 1477
475, 348.34353452920914, 1516
476, 349.10893082618713, 1528
477, 349.87432712316513, 1626
478, 350.6397234201431, 1678
479, 351.4051197171211, 1671
480, 352.1705160140991, 1623
481, 352.9359123110771, 1730
482, 353.7013086080551, 1782
483, 354.4667049050331, 1776
484, 355.2321012020111, 1815
485, 355.9974974989891, 1806
486, 356.7628937959671, 1906
487, 357.5282900929451, 1891
488, 358.2936863899231, 1909
489, 359.0590826869011, 1899
490, 359.8244789838791, 1890
491, 360.5898752808571, 1895
492, 361.3552715778351, 1875
493, 362.1206678748131, 1813
494, 362.8860641717911, 1855
495, 363.6514604687691, 1754
496, 364.41685676574707, 1840
497, 365.18225306272507, 1781
498, 365.94764935970306, 1773
499, 366.71304565668106, 1786
500, 367.47844195365906, 1739
501, 368.24383825063705, 1699
502, 369.00923454761505, 1702
503, 369.77463084459305, 1673
504, 370.54002714157104, 1561
505, 371.30542343854904, 1585
506, 372.07081973552704, 1530
507, 372.83621603250504, 1577
508, 373.60161232948303, 1468
509, 374.36700862646103, 1484
510, 375.132404923439, 1374
511, 375.897801220417, 1440
512, 376.663197517395, 1380
513, 377.428593814373, 1279
514, 378.193990111351, 1292
515, 378.959386408329, 1186
516, 379.724782705307, 1177
517, 380.490179002285, 1187
518, 381.255575299263, 1101
519, 382.020971596241, 1068
520, 382.786367893219, 1033
521, 383.551764190197, 1027
522, 384.317160487175, 1012
523, 385.082556784153, 941
524, 385.847953081131, 930
525, 386.613349378109, 926
526, 387.378745675087, 884
527, 388.144141972065, 809
528, 388.90953826904297, 790
529, 389.67493456602097, 736
530, 390.44033086299896, 779
531, 391.20572715997696, 742
532, 391.97112345695496, 731
533, 392.73651975393295, 689
534, 393.50191605091095, 727
535, 394.26731234788895, 672
536, 395.03270864486694, 637
537, 395.79810494184494, 639
538, 396.56350123882294, 616
539, 397.32889753580093, 571
540, 398.09429383277893, 614
541, 398.8596901297569, 549
542, 399.6250864267349, 581
543, 400.3904827237129, 502
544, 401.1558790206909, 573
545, 401.9212753176689, 522
546, 402.6866716146469, 493
547, 403.4520679116249, 478
548, 404.2174642086029, 459
549, 404.9828605055809, 455
550, 405.7482568025589, 480
551, 406.5136530995369, 438
552, 407.2790493965149, 399
553, 408.0444456934929, 412
554, 408.8098419904709, 394
555, 409.5752382874489, 371
556, 410.3406345844269, 355
557, 411.1060308814049, 355
558, 411.8714271783829, 342
559, 412.63682347536087, 340
560, 413.40221977233887, 332
561, 414.16761606931686, 323
562, 414.93301236629486, 318
563, 415.69840866327286, 286
564, 416.46380496025085, 284
565, 417.22920125722885, 284
566, 417.99459755420685, 282
567, 418.75999385118484, 257
568, 419.52539014816284, 252
569, 420.29078644514084, 250
570, 421.05618274211884, 231
571, 421.82157903909683, 230
572, 422.58697533607483, 207
573, 423.3523716330528, 219
574, 424.1177679300308, 188
575, 424.8831642270088, 244
576, 425.6485605239868, 196
577, 426.4139568209648, 197
578, 427.1793531179428, 203
579, 427.9447494149208, 183
580, 428.7101457118988, 179
581, 429.4755420088768, 173
582, 430.2409383058548, 169
583, 431.0063346028328, 185
584, 431.7717308998108, 173
585, 432.5371271967888, 180
586, 433.3025234937668, 179
587, 434.0679197907448, 178
588, 434.8333160877228, 178
589, 435.5987123847008, 174
590, 436.3641086816788, 158
591, 437.12950497865677, 181
592, 437.89490127563477, 147
593, 438.66029757261276, 183
594, 439.42569386959076, 163
595, 440.19109016656876, 188
596, 440.95648646354675, 170
597, 441.72188276052475, 191
598, 442.48727905750275, 150
599, 443.25267535448074, 173
600, 444.01807165145874, 183
601, 444.78346794843674, 180
602, 445.54886424541473, 174
603, 446.31426054239273, 177
604, 447.0796568393707, 168
605, 447.8450531363487, 154
606, 448.6104494333267, 164
607, 449.3758457303047, 180
608, 450.1412420272827, 178
609, 450.9066383242607, 180
610, 451.6720346212387, 187
611, 452.4374309182167, 172
612, 453.2028272151947, 174
613, 453.9682235121727, 190
614, 454.7336198091507, 163
615, 455.4990161061287, 176
616, 456.2644124031067, 141
617, 457.0298087000847, 147
618, 457.7952049970627, 158
619, 458.5606012940407, 162
620, 459.3259975910187, 158
621, 460.0913938879967, 157
622, 460.85679018497467, 153
623, 461.62218648195267, 148
624, 462.38758277893066, 151
625, 463.15297907590866, 153
626, 463.91837537288666, 133
627, 464.68377166986465, 165
628, 465.44916796684265, 144
629, 466.21456426382065, 156
630, 466.97996056079865, 129
631, 467.74535685777664, 127
632, 468.51075315475464, 148
633, 469.27614945173264, 122
634, 470.04154574871063, 145
635, 470.80694204568863, 120
636, 471.5723383426666, 135
637, 472.3377346396446, 134
638, 473.1031309366226, 129
639, 473.8685272336006, 131
640, 474.6339235305786, 130
641, 475.3993198275566, 135
642, 476.1647161245346, 127
643, 476.9301124215126, 131
644, 477.6955087184906, 129
645, 478.4609050154686, 137
646, 479.2263013124466, 133
647, 479.9916976094246, 142
648, 480.7570939064026, 130
649, 481.5224902033806, 133
650, 482.2878865003586, 130
651, 483.0532827973366, 137
652, 483.8186790943146, 139
653, 484.5840753912926, 168
654, 485.34947168827057, 146
655, 486.11486798524857, 131
656, 486.88026428222656, 166
657, 487.64566057920456, 164
658, 488.41105687618256, 182
659, 489.17645317316055, 148
660, 489.94184947013855, 202
661, 490.70724576711655, 181
662, 491.47264206409454, 161
663, 492.23803836107254, 203
664, 493.00343465805054, 187
665, 493.76883095502853, 190
666, 494.53422725200653, 172
667, 495.2996235489845, 198
668, 496.0650198459625, 193
669, 496.8304161429405, 194
670, 497.5958124399185, 200
671, 498.3612087368965, 225
672, 499.1266050338745, 208
673, 499.8920013308525, 196
674, 500.6573976278305, 228
675, 501.4227939248085, 223
676, 502.1881902217865, 231
677, 502.9535865187645, 229
678, 503.7189828157425, 239
679, 504.4843791127205, 244
680, 505.2497754096985, 257
681, 506.0151717066765, 224
682, 506.7805680036545, 256
683, 507.5459643006325, 290
684, 508.3113605976105, 264
685, 509.07675689458847, 255
686, 509.84215319156647, 235
687, 510.60754948854446, 257
688, 511.37294578552246, 275
689, 512.1383420825005, 246
690, 512.9037383794785, 244
691, 513.6691346764565, 252
692, 514.4345309734344, 256
693, 515.1999272704124, 262
694, 515.9653235673904, 253
695, 516.7307198643684, 246
696, 517.4961161613464, 262
697, 518.2615124583244, 278
698, 519.0269087553024, 266
699, 519.7923050522804, 279
700, 520.5577013492584, 222
701, 521.3230976462364, 280
702, 522.0884939432144, 251
703, 522.8538902401924, 234
704, 523.6192865371704, 259
705, 524.3846828341484, 262
706, 525.1500791311264, 211
707, 525.9154754281044, 240
708, 526.6808717250824, 209
709, 527.4462680220604, 241
710, 528.2116643190384, 196
711, 528.9770606160164, 229
712, 529.7424569129944, 226
713, 530.5078532099724, 218
714, 531.2732495069504, 183
715, 532.0386458039284, 183
716, 532.8040421009064, 183
717, 533.5694383978844, 188
718, 534.3348346948624, 189
719, 535.1002309918404, 185
720, 535.8656272888184, 176
721, 536.6310235857964, 174
722, 537.3964198827744, 149
723, 538.1618161797523, 193
724, 538.9272124767303, 155
725, 539.6926087737083, 166
726, 540.4580050706863, 156
727, 541.2234013676643, 133
728, 541.9887976646423, 121
729, 542.7541939616203, 138
730, 543.5195902585983, 105
731, 544.2849865555763, 126
732, 545.0503828525543, 116
733, 545.8157791495323, 98
734, 546.5811754465103, 93
735, 547.3465717434883, 103
736, 548.1119680404663, 73
737, 548.8773643374443, 81
738, 549.6427606344223, 87
739, 550.4081569314003, 76
740, 551.1735532283783, 89
741, 551.9389495253563, 74
742, 552.7043458223343, 77
743, 553.4697421193123, 62
744, 554.2351384162903, 58
745, 555.0005347132683, 58
746, 555.7659310102463, 55
747, 556.5313273072243, 59
748, 557.2967236042023, 51
749, 558.0621199011803, 56
750, 558.8275161981583, 48
751, 559.5929124951363, 46
752, 560.3583087921143, 45
753, 561.1237050890923, 43
754, 561.8891013860703, 41
755, 562.6544976830482, 47
756, 563.4198939800262, 40
757, 564.1852902770042, 39
758, 564.9506865739822, 35
759, 565.7160828709602, 40
760, 566.4814791679382, 31
761, 567.2468754649162, 46
762, 568.0122717618942, 31
763, 568.7776680588722, 31
764, 569.5430643558502, 28
765, 570.3084606528282, 35
766, 571.0738569498062, 31
767, 571.8392532467842, 41
768, 572.6046495437622, 32
769, 573.3700458407402, 35
770, 574.1354421377182, 38
771, 574.9008384346962, 33
772, 575.6662347316742, 23
773, 576.4316310286522, 32
774, 577.1970273256302, 25
775, 577.9624236226082, 35
776, 578.7278199195862, 35
777, 579.4932162165642, 30
778, 580.2586125135422, 35
779, 581.0240088105202, 29
780, 581.7894051074982, 26
781, 582.5548014044762, 27
782, 583.3201977014542, 29
783, 584.0855939984322, 28
784, 584.8509902954102, 28
785, 585.6163865923882, 36
786, 586.3817828893661, 35
787, 587.1471791863441, 23
788, 587.9125754833221, 30
789, 588.6779717803001, 36
790, 589.4433680772781, 26
791, 590.2087643742561, 37
792, 590.9741606712341, 25
793, 591.7395569682121, 34
794, 592.5049532651901, 36
795, 593.2703495621681, 21
796, 594.0357458591461, 33
797, 594.8011421561241, 17
798, 595.5665384531021, 34
799, 596.3319347500801, 30
800, 597.0973310470581, 26
801, 597.8627273440361, 33
802, 598.6281236410141, 40
803, 599.3935199379921, 33
804, 600.1589162349701, 28
805, 600.9243125319481, 23
806, 601.6897088289261, 37
807, 602.4551051259041, 28
808, 603.2205014228821, 26
809, 603.9858977198601, 35
810, 604.7512940168381, 37
811, 605.5166903138161, 37
812, 606.2820866107941, 31
813, 607.0474829077721, 26
814, 607.8128792047501, 29
815, 608.5782755017281, 20
816, 609.343671798706, 21
817, 610.109068095684, 29
818, 610.874464392662, 25
819, 611.63986068964, 24
820, 612.405256986618, 27
821, 613.170653283596, 22
822, 613.936049580574, 30
823, 614.701445877552, 29
824, 615.46684217453, 23
825, 616.232238471508, 16
826, 616.997634768486, 28
827, 617.763031065464, 31
828, 618.528427362442, 18
829, 619.29382365942, 30
830, 620.059219956398, 30
831, 620.824616253376, 28
832, 621.590012550354, 31
833, 622.355408847332, 25
834, 623.12080514431, 18
835, 623.886201441288, 34
836, 624.651597738266, 27
837, 625.416994035244, 23
838, 626.182390332222, 27
839, 626.9477866292, 17
840, 627.713182926178, 17
841, 628.478579223156, 24
842, 629.243975520134, 26
843, 630.009371817112, 23
844, 630.77476811409, 27
845, 631.540164411068, 22
846, 632.305560708046, 28
847, 633.070957005024, 28
848, 633.836353302002, 23
849, 634.60174959898, 23
850, 635.367145895958, 20
851, 636.132542192936, 18
852, 636.8979384899139, 26
853, 637.6633347868919, 24
854, 638.4287310838699, 14
855, 639.1941273808479, 21
856, 639.9595236778259, 19
857, 640.7249199748039, 26
858, 641.4903162717819, 27
859, 642.2557125687599, 21
860, 643.0211088657379, 28
861, 643.7865051627159, 23
862, 644.5519014596939, 23
863, 645.3172977566719, 26
864, 646.0826940536499, 21
865, 646.8480903506279, 25
866, 647.6134866476059, 22
867, 648.3788829445839, 26
868, 649.1442792415619, 18
869, 649.9096755385399, 21
870, 650.6750718355179, 17
871, 651.4404681324959, 13
872, 652.2058644294739, 19
873, 652.9712607264519, 18
874, 653.7366570234299, 18
875, 654.5020533204079, 24
876, 655.2674496173859, 15
877, 656.0328459143639, 14
878, 656.7982422113419, 29
879, 657.5636385083199, 23
880, 658.3290348052979, 11
881, 659.0944311022758, 25
882, 659.8598273992538, 29
883, 660.6252236962318, 20
884, 661.3906199932098, 19
885, 662.1560162901878, 20
886, 662.9214125871658, 30
887, 663.6868088841438, 30
888, 664.4522051811218, 27
889, 665.2176014780998, 18
890, 665.9829977750778, 22
891, 666.7483940720558, 28
892, 667.5137903690338, 24
893, 668.2791866660118, 23
894, 669.0445829629898, 16
895, 669.8099792599678, 35
896, 670.5753755569458, 21
897, 671.3407718539238, 13
898, 672.1061681509018, 20
899, 672.8715644478798, 24
900, 673.6369607448578, 22
901, 674.4023570418358, 13
902, 675.1677533388138, 27
903, 675.9331496357918, 23
904, 676.6985459327698, 17
905, 677.4639422297478, 12
906, 678.2293385267258, 22
907, 678.9947348237038, 20
908, 679.7601311206818, 22
909, 680.5255274176598, 21
910, 681.2909237146378, 16
911, 682.0563200116158, 31
912, 682.8217163085938, 18
913, 683.5871126055717, 25
914, 684.3525089025497, 11
915, 685.1179051995277, 26
916, 685.8833014965057, 37
917, 686.6486977934837, 26
918, 687.4140940904617, 32
919, 688.1794903874397, 20
920, 688.9448866844177, 21
921, 689.7102829813957, 21
922, 690.4756792783737, 22
923, 691.2410755753517, 19
924, 692.0064718723297, 29
925, 692.7718681693077, 20
926, 693.5372644662857, 30
927, 694.3026607632637, 23
928, 695.0680570602417, 18
929, 695.8334533572197, 21
930, 696.5988496541977, 16
931, 697.3642459511757, 22
932, 698.1296422481537, 14
933, 698.8950385451317, 23
934, 699.6604348421097, 19
935, 700.4258311390877, 16
936, 701.1912274360657, 17
937, 701.9566237330437, 17
938, 702.7220200300217, 16
939, 703.4874163269997, 21
940, 704.2528126239777, 24
941, 705.0182089209557, 22
942, 705.7836052179337, 19
943, 706.5490015149117, 30
944, 707.3143978118896, 30
945, 708.0797941088676, 26
946, 708.8451904058456, 17
947, 709.6105867028236, 20
948, 710.3759829998016, 20
949, 711.1413792967796, 20
950, 711.9067755937576, 22
951, 712.6721718907356, 23
952, 713.4375681877136, 22
953, 714.2029644846916, 26
954, 714.9683607816696, 19
955, 715.7337570786476, 20
956, 716.4991533756256, 18
957, 717.2645496726036, 20
958, 718.0299459695816, 17
959, 718.7953422665596, 22
960, 719.5607385635376, 25
961, 720.3261348605156, 23
962, 721.0915311574936, 26
963, 721.8569274544716, 20
964, 722.6223237514496, 17
965, 723.3877200484276, 10
966, 724.1531163454056, 22
967, 724.9185126423836, 23
968, 725.6839089393616, 21
969, 726.4493052363396, 17
970, 727.2147015333176, 20
971, 727.9800978302956, 13
972, 728.7454941272736, 17
973, 729.5108904242516, 22
974, 730.2762867212296, 11
975, 731.0416830182076, 18
976, 731.8070793151855, 19
977, 732.5724756121635, 14
978, 733.3378719091415, 22
979, 734.1032682061195, 21
980, 734.8686645030975, 17
981, 735.6340608000755, 26
982, 736.3994570970535, 22
983, 737.1648533940315, 22
984, 737.9302496910095, 21
985, 738.6956459879875, 19
986, 739.4610422849655, 21
987, 740.2264385819435, 12
988, 740.9918348789215, 16
989, 741.7572311758995, 17
990, 742.5226274728775, 22
991, 743.2880237698555, 17
992, 744.0534200668335, 19
993, 744.8188163638115, 14
994, 745.5842126607895, 21
995, 746.3496089577675, 22
996, 747.1150052547455, 18
997, 747.8804015517235, 17
998, 748.6457978487015, 26
999, 749.4111941456795, 18
1000, 750.1765904426575, 19
1001, 750.9419867396355, 27
1002, 751.7073830366135, 31
1003, 752.4727793335915, 22
1004, 753.2381756305695, 20
1005, 754.0035719275475, 17
1006, 754.7689682245255, 18
1007, 755.5343645215034, 25
1008, 756.2997608184814, 15
1009, 757.0651571154594, 16
1010, 757.8305534124374, 11
1011, 758.5959497094154, 14
1012, 759.3613460063934, 12
1013, 760.1267423033714, 16
1014, 760.8921386003494, 11
1015, 761.6575348973274, 15
1016, 762.4229311943054, 15
1017, 763.1883274912834, 20
1018, 763.9537237882614, 13
1019, 764.7191200852394, 23
1020, 765.4845163822174, 25
1021, 766.2499126791954, 15
1022, 767.0153089761734, 17
1023, 767.7807052731514, 19
1024, 768.5461015701294, 18
1025, 769.3114978671074, 18
1026, 770.0768941640854, 16
1027, 770.8422904610634, 21
1028, 771.6076867580414, 17
1029, 772.3730830550194, 19
1030, 773.1384793519974, 22
1031, 773.9038756489754, 20
1032, 774.6692719459534, 20
1033, 775.4346682429314, 19
1034, 776.2000645399094, 18
1035, 776.9654608368874, 22
1036, 777.7308571338654, 20
1037, 778.4962534308434, 26
1038, 779.2616497278214, 28
1039, 780.0270460247993, 17
1040, 780.7924423217773, 17
1041, 781.5578386187553, 16
1042, 782.3232349157333, 19
1043, 783.0886312127113, 15
1044, 783.8540275096893, 14
1045, 784.6194238066673, 21
1046, 785.3848201036453, 16
1047, 786.1502164006233, 21
1048, 786.9156126976013, 18
1049, 787.6810089945793, 16
1050, 788.4464052915573, 16
1051, 789.2118015885353, 11
1052, 789.9771978855133, 10
1053, 790.7425941824913, 27
1054, 791.5079904794693, 18
1055, 792.2733867764473, 15
1056, 793.0387830734253, 13
1057, 793.8041793704033, 13
1058, 794.5695756673813, 23
1059, 795.3349719643593, 19
1060, 796.1003682613373, 13
1061, 796.8657645583153, 17
1062, 797.6311608552933, 19
1063, 798.3965571522713, 17
1064, 799.1619534492493, 16
1065, 799.9273497462273, 21
1066, 800.6927460432053, 9
1067, 801.4581423401833, 13
1068, 802.2235386371613, 17
1069, 802.9889349341393, 20
1070, 803.7543312311172, 16
1071, 804.5197275280952, 12
1072, 805.2851238250732, 16
1073, 806.0505201220512, 16
1074, 806.8159164190292, 22
1075, 807.5813127160072, 7
1076, 808.3467090129852, 16
1077, 809.1121053099632, 17
1078, 809.8775016069412, 18
1079, 810.6428979039192, 16
1080, 811.4082942008972, 10
1081, 812.1736904978752, 14
1082, 812.9390867948532, 11
1083, 813.7044830918312, 17
1084, 814.4698793888092, 10
1085, 815.2352756857872, 16
1086, 816.0006719827652, 11
1087, 816.7660682797432, 14
1088, 817.5314645767212, 17
1089, 818.2968608736992, 21
1090, 819.0622571706772, 19
1091, 819.8276534676552, 22
1092, 820.5930497646332, 18
1093, 821.3584460616112, 15
1094, 822.1238423585892, 29
1095, 822.8892386555672, 15
1096, 823.6546349525452, 18
1097, 824.4200312495232, 17
1098, 825.1854275465012, 14
1099, 825.9508238434792, 14
1100, 826.7162201404572, 11
1101, 827.4816164374352, 8
1102, 828.2470127344131, 18
1103, 829.0124090313911, 15
1104, 829.7778053283691, 14
1105, 830.5432016253471, 15
1106, 831.3085979223251, 15
1107, 832.0739942193031, 20
1108, 832.8393905162811, 10
1109, 833.6047868132591, 22
1110, 834.3701831102371, 12
1111, 835.1355794072151, 17
1112, 835.9009757041931, 14
1113, 836.6663720011711, 19
1114, 837.4317682981491, 13
1115, 838.1971645951271, 17
1116, 838.9625608921051, 15
1117, 839.7279571890831, 20
1118, 840.4933534860611, 17
1119, 841.2587497830391, 17
1120, 842.0241460800171, 17
1121, 842.7895423769951, 16
1122, 843.5549386739731, 15
1123, 844.3203349709511, 23
1124, 845.0857312679291, 13
1125, 845.8511275649071, 15
1126, 846.6165238618851, 20
1127, 847.3819201588631, 15
1128, 848.1473164558411, 16
1129, 848.9127127528191, 14
1130, 849.6781090497971, 23
1131, 850.443505346775, 12
1132, 851.208901643753, 19
1133, 851.974297940731, 11
1134, 852.739694237709, 18
1135, 853.505090534687, 14
1136, 854.270486831665, 17
1137, 855.035883128643, 8
1138, 855.801279425621, 26
1139, 856.566675722599, 13
1140, 857.332072019577, 19
1141, 858.097468316555, 14
1142, 858.862864613533, 19
1143, 859.628260910511, 12
1144, 860.393657207489, 13
1145, 861.159053504467, 20
1146, 861.924449801445, 15
1147, 862.689846098423, 17
1148, 863.455242395401, 15
1149, 864.220638692379, 10
1150, 864.986034989357, 11
1151, 865.751431286335, 11
1152, 866.516827583313, 21
1153, 867.282223880291, 19
1154, 868.047620177269, 18
1155, 868.813016474247, 15
1156, 869.578412771225, 17
1157, 870.343809068203, 17
1158, 871.109205365181, 12
1159, 871.874601662159, 15
1160, 872.639997959137, 18
1161, 873.405394256115, 17
1162, 874.170790553093, 17
1163, 874.936186850071, 17
1164, 875.701583147049, 22
1165, 876.466979444027, 20
1166, 877.232375741005, 13
1167, 877.9977720379829, 13
1168, 878.7631683349609, 17
1169, 879.5285646319389, 22
1170, 880.2939609289169, 13
1171, 881.0593572258949, 13
1172, 881.8247535228729, 9
1173, 882.5901498198509, 17
1174, 883.3555461168289, 20
1175, 884.1209424138069, 22
1176, 884.8863387107849, 14
1177, 885.6517350077629, 14
1178, 886.4171313047409, 20
1179, 887.1825276017189, 15
1180, 887.9479238986969, 15
1181, 888.7133201956749, 19
1182, 889.4787164926529, 15
1183, 890.2441127896309, 26
1184, 891.0095090866089, 16
1185, 891.7749053835869, 18
1186, 892.5403016805649, 13
1187, 893.3056979775429, 20
1188, 894.0710942745209, 17
1189, 894.8364905714989, 26
1190, 895.6018868684769, 22
1191, 896.3672831654549, 14
1192, 897.1326794624329, 21
1193, 897.8980757594109, 20
1194, 898.6634720563889, 18
1195, 899.4288683533669, 18
1196, 900.1942646503448, 16
1197, 900.9596609473228, 16
1198, 901.7250572443008, 7
1199, 902.4904535412788, 14
1200, 903.2558498382568, 28
1201, 904.0212461352348, 21
1202, 904.7866424322128, 15
1203, 905.5520387291908, 21
1204, 906.3174350261688, 16
1205, 907.0828313231468, 17
1206, 907.8482276201248, 15
1207, 908.6136239171028, 17
1208, 909.3790202140808, 17
1209, 910.1444165110588, 18
1210, 910.9098128080368, 15
1211, 911.6752091050148, 14
1212, 912.4406054019928, 20
1213, 913.2060016989708, 24
1214, 913.9713979959488, 20
1215, 914.7367942929268, 15
1216, 915.5021905899048, 12
1217, 916.2675868868828, 11
1218, 917.0329831838608, 23
1219, 917.7983794808388, 16
1220, 918.5637757778168, 15
1221, 919.3291720747948, 7
1222, 920.0945683717728, 21
1223, 920.8599646687508, 17
1224, 921.6253609657288, 18
1225, 922.3907572627068, 13
1226, 923.1561535596848, 11
1227, 923.9215498566628, 21
1228, 924.6869461536407, 12
1229, 925.4523424506187, 22
1230, 926.2177387475967, 12
1231, 926.9831350445747, 9
1232, 927.7485313415527, 26
1233, 928.5139276385307, 13
1234, 929.2793239355087, 13
1235, 930.0447202324867, 7
1236, 930.8101165294647, 11
1237, 931.5755128264427, 18
1238, 932.3409091234207, 19
1239, 933.1063054203987, 17
1240, 933.8717017173767, 20
1241, 934.6370980143547, 13
1242, 935.4024943113327, 17
1243, 936.1678906083107, 12
1244, 936.9332869052887, 11
1245, 937.6986832022667, 26
1246, 938.4640794992447, 16
1247, 939.2294757962227, 16
1248, 939.9948720932007, 17
1249, 940.7602683901787, 15
1250, 941.5256646871567, 27
1251, 942.2910609841347, 19
1252, 943.0564572811127, 17
1253, 943.8218535780907, 13
1254, 944.5872498750687, 18
1255, 945.3526461720467, 9
1256, 946.1180424690247, 17
1257, 946.8834387660027, 17
1258, 947.6488350629807, 14
1259, 948.4142313599586, 16
1260, 949.1796276569366, 20
1261, 949.9450239539146, 20
1262, 950.7104202508926, 20
1263, 951.4758165478706, 14
1264, 952.2412128448486, 13
1265, 953.0066091418266, 8
1266, 953.7720054388046, 15
1267, 954.5374017357826, 21
1268, 955.3027980327606, 19
1269, 956.0681943297386, 20
1270, 956.8335906267166, 21
1271, 957.5989869236946, 13
1272, 958.3643832206726, 10
1273, 959.1297795176506, 14
1274, 959.8951758146286, 13
1275, 960.6605721116066, 13
1276, 961.4259684085846, 22
1277, 962.1913647055626, 11
1278, 962.9567610025406, 17
1279, 963.7221572995186, 12
1280, 964.4875535964966, 14
1281, 965.2529498934746, 12
1282, 966.0183461904526, 10
1283, 966.7837424874306, 12
1284, 967.5491387844086, 14
1285, 968.3145350813866, 17
1286, 969.0799313783646, 16
1287, 969.8453276753426, 11
1288, 970.6107239723206, 12
1289, 971.3761202692986, 15
1290, 972.1415165662766, 15
1291, 972.9069128632545, 17
1292, 973.6723091602325, 12
1293, 974.4377054572105, 15
1294, 975.2031017541885, 17
1295, 975.9684980511665, 10
1296, 976.7338943481445, 15
1297, 977.4992906451225, 16
1298, 978.2646869421005, 17
1299, 979.0300832390785, 12
1300, 979.7954795360565, 13
1301, 980.5608758330345, 16
1302, 981.3262721300125, 10
1303, 982.0916684269905, 11
1304, 982.8570647239685, 17
1305, 983.6224610209465, 11
1306, 984.3878573179245, 21
1307, 985.1532536149025, 14
1308, 985.9186499118805, 12
1309, 986.6840462088585, 12
1310, 987.4494425058365, 21
1311, 988.2148388028145, 13
1312, 988.9802350997925, 16
1313, 989.7456313967705, 19
1314, 990.5110276937485, 15
1315, 991.2764239907265, 10
1316, 992.0418202877045, 15
1317, 992.8072165846825, 15
1318, 993.5726128816605, 10
1319, 994.3380091786385, 11
1320, 995.1034054756165, 10
1321, 995.8688017725945, 21
1322, 996.6341980695724, 17
1323, 997.3995943665504, 13
1324, 998.1649906635284, 13
1325, 998.9303869605064, 10
1326, 999.6957832574844, 15
1327, 1000.4611795544624, 12
1328, 1001.2265758514404, 12
1329, 1001.9919721484184, 17
1330, 1002.7573684453964, 9
1331, 1003.5227647423744, 15
1332, 1004.2881610393524, 21
1333, 1005.0535573363304, 9
1334, 1005.8189536333084, 10
1335, 1006.5843499302864, 15
1336, 1007.3497462272644, 13
1337, 1008.1151425242424, 8
1338, 1008.8805388212204, 13
1339, 1009.6459351181984, 10
1340, 1010.4113314151764, 18
1341, 1011.1767277121544, 9
1342, 1011.9421240091324, 17
1343, 1012.7075203061104, 13
1344, 1013.4729166030884, 15
1345, 1014.2383129000664, 9
1346, 1015.0037091970444, 11
1347, 1015.7691054940224, 12
1348, 1016.5345017910004, 8
1349, 1017.2998980879784, 16
1350, 1018.0652943849564, 10
1351, 1018.8306906819344, 15
1352, 1019.5960869789124, 9
1353, 1020.3614832758904, 13
1354, 1021.1268795728683, 10
1355, 1021.8922758698463, 17
1356, 1022.6576721668243, 11
1357, 1023.4230684638023, 11
1358, 1024.1884647607803, 10
1359, 1024.9538610577583, 8
1360, 1025.7192573547363, 15
1361, 1026.4846536517143, 15
1362, 1027.2500499486923, 18
1363, 1028.0154462456703, 8
1364, 1028.7808425426483, 12
1365, 1029.5462388396263, 9
1366, 1030.3116351366043, 9
1367, 1031.0770314335823, 12
1368, 1031.8424277305603, 8
1369, 1032.6078240275383, 13
1370, 1033.3732203245163, 13
1371, 1034.1386166214943, 12
1372, 1034.9040129184723, 8
1373, 1035.6694092154503, 9
1374, 1036.4348055124283, 10
1375, 1037.2002018094063, 7
1376, 1037.9655981063843, 17
1377, 1038.7309944033623, 15
1378, 1039.4963907003403, 12
1379, 1040.2617869973183, 10
1380, 1041.0271832942963, 10
1381, 1041.7925795912743, 9
1382, 1042.5579758882523, 18
1383, 1043.3233721852303, 7
1384, 1044.0887684822083, 18
1385, 1044.8541647791862, 14
1386, 1045.6195610761642, 8
1387, 1046.3849573731422, 8
1388, 1047.1503536701202, 18
1389, 1047.9157499670982, 13
1390, 1048.6811462640762, 6
1391, 1049.4465425610542, 11
1392, 1050.2119388580322, 12
1393, 1050.9773351550102, 8
1394, 1051.7427314519882, 6
1395, 1052.5081277489662, 14
1396, 1053.2735240459442, 11
1397, 1054.0389203429222, 12
1398, 1054.8043166399002, 10
1399, 1055.5697129368782, 10
1400, 1056.3351092338562, 11
1401, 1057.1005055308342, 7
1402, 1057.8659018278122, 7
1403, 1058.6312981247902, 7
1404, 1059.3966944217682, 10
1405, 1060.1620907187462, 15
1406, 1060.9274870157242, 6
1407, 1061.6928833127022, 12
1408, 1062.4582796096802, 8
1409, 1063.2236759066582, 5
1410, 1063.9890722036362, 11
1411, 1064.7544685006142, 10
1412, 1065.5198647975922, 13
1413, 1066.2852610945702, 13
1414, 1067.0506573915482, 12
1415, 1067.8160536885262, 4
1416, 1068.5814499855042, 15
1417, 1069.3468462824821, 9
1418, 1070.1122425794601, 7
1419, 1070.8776388764381, 5
1420, 1071.6430351734161, 8
1421, 1072.4084314703941, 10
1422, 1073.1738277673721, 9
1423, 1073.9392240643501, 8
1424, 1074.7046203613281, 7
1425, 1075.4700166583061, 8
1426, 1076.2354129552841, 9
1427, 1077.0008092522621, 7
1428, 1077.76620554924, 5
1429, 1078.531601846218, 10
1430, 1079.296998143196, 12
1431, 1080.062394440174, 6
1432, 1080.827790737152, 11
1433, 1081.59318703413, 13
1434, 1082.358583331108, 5
1435, 1083.123979628086, 8
1436, 1083.889375925064, 12
1437, 1084.654772222042, 13
1438, 1085.42016851902, 9
1439, 1086.185564815998, 9
1440, 1086.950961112976, 11
1441, 1087.716357409954, 6
1442, 1088.481753706932, 9
1443, 1089.24715000391, 13
1444, 1090.012546300888, 15
1445, 1090.777942597866, 15
1446, 1091.543338894844, 5
1447, 1092.308735191822, 11
1448, 1093.0741314888, 13
1449, 1093.839527785778, 13
1450, 1094.604924082756, 5
1451, 1095.370320379734, 10
1452, 1096.135716676712, 3
1453, 1096.90111297369, 11
1454, 1097.666509270668, 4
1455, 1098.431905567646, 10
1456, 1099.197301864624, 5
1457, 1099.962698161602, 14
1458, 1100.72809445858, 8
1459, 1101.493490755558, 11
1460, 1102.258887052536, 9
1461, 1103.024283349514, 17
1462, 1103.789679646492, 10
1463, 1104.55507594347, 10
1464, 1105.320472240448, 7
1465, 1106.085868537426, 9
1466, 1106.851264834404, 16
1467, 1107.616661131382, 9
1468, 1108.38205742836, 12
1469, 1109.147453725338, 13
1470, 1109.912850022316, 13
1471, 1110.678246319294, 9
1472, 1111.443642616272, 5
1473, 1112.20903891325, 10
1474, 1112.974435210228, 7
1475, 1113.739831507206, 10
1476, 1114.505227804184, 7
1477, 1115.270624101162, 9
1478, 1116.03602039814, 8
1479, 1116.801416695118, 9
1480, 1117.566812992096, 6
1481, 1118.332209289074, 4
1482, 1119.097605586052, 11
1483, 1119.86300188303, 6
1484, 1120.628398180008, 4
1485, 1121.393794476986, 12
1486, 1122.159190773964, 17
1487, 1122.924587070942, 14
1488, 1123.68998336792, 12
1489, 1124.455379664898, 16
1490, 1125.220775961876, 6
1491, 1125.986172258854, 7
1492, 1126.751568555832, 9
1493, 1127.51696485281, 12
1494, 1128.282361149788, 8
1495, 1129.047757446766, 8
1496, 1129.813153743744, 7
1497, 1130.578550040722, 7
1498, 1131.3439463377, 4
1499, 1132.109342634678, 3
1500, 1132.8747389316559, 9
1501, 1133.6401352286339, 7
1502, 1134.4055315256119, 6
1503, 1135.1709278225899, 13
1504, 1135.9363241195679, 6
1505, 1136.7017204165459, 9
1506, 1137.4671167135239, 12
1507, 1138.2325130105019, 7
1508, 1138.9979093074799, 4
1509, 1139.7633056044579, 11
1510, 1140.5287019014359, 7
1511, 1141.2940981984138, 7
1512, 1142.0594944953918, 10
1513, 1142.8248907923698, 4
1514, 1143.5902870893478, 9
1515, 1144.3556833863258, 4
1516, 1145.1210796833038, 5
1517, 1145.8864759802818, 20
1518, 1146.6518722772598, 5
1519, 1147.4172685742378, 9
1520, 1148.1826648712158, 6
1521, 1148.9480611681938, 9
1522, 1149.7134574651718, 12
1523, 1150.4788537621498, 8
1524, 1151.2442500591278, 7
1525, 1152.0096463561058, 5
1526, 1152.7750426530838, 9
1527, 1153.5404389500618, 7
1528, 1154.3058352470398, 5
1529, 1155.0712315440178, 11
1530, 1155.8366278409958, 9
1531, 1156.6020241379738, 8
1532, 1157.3674204349518, 7
1533, 1158.1328167319298, 4
1534, 1158.8982130289078, 11
1535, 1159.6636093258858, 5
1536, 1160.4290056228638, 10
1537, 1161.1944019198418, 9
1538, 1161.9597982168198, 6
1539, 1162.7251945137978, 5
1540, 1163.4905908107758, 8
1541, 1164.2559871077538, 7
1542, 1165.0213834047318, 11
1543, 1165.7867797017097, 6
1544, 1166.5521759986877, 11
1545, 1167.3175722956657, 5
1546, 1168.0829685926437, 16
1547, 1168.8483648896217, 7
1548, 1169.6137611865997, 12
1549, 1170.3791574835777, 5
1550, 1171.1445537805557, 11
1551, 1171.9099500775337, 13
1552, 1172.6753463745117, 5
1553, 1173.4407426714897, 5
1554, 1174.2061389684677, 11
1555, 1174.9715352654457, 9
1556, 1175.7369315624237, 8
1557, 1176.5023278594017, 6
1558, 1177.2677241563797, 12
1559, 1178.0331204533577, 9
1560, 1178.7985167503357, 8
1561, 1179.5639130473137, 4
1562, 1180.3293093442917, 11
1563, 1181.0947056412697, 8
1564, 1181.8601019382477, 6
1565, 1182.6254982352257, 13
1566, 1183.3908945322037, 7
1567, 1184.1562908291817, 13
1568, 1184.9216871261597, 9
1569, 1185.6870834231377, 8
1570, 1186.4524797201157, 11
1571, 1187.2178760170937, 18
1572, 1187.9832723140717, 14
1573, 1188.7486686110497, 8
1574, 1189.5140649080276, 11
1575, 1190.2794612050056, 14
1576, 1191.0448575019836, 12
1577, 1191.8102537989616, 17
1578, 1192.5756500959396, 15
1579, 1193.3410463929176, 10
1580, 1194.1064426898956, 12
1581, 1194.8718389868736, 16
1582, 1195.6372352838516, 11
1583, 1196.4026315808296, 13
1584, 1197.1680278778076, 13
1585, 1197.9334241747856, 16
1586, 1198.6988204717636, 15
1587, 1199.4642167687416, 15
1588, 1200.2296130657196, 15
1589, 1200.9950093626976, 19
1590, 1201.7604056596756, 25
1591, 1202.5258019566536, 20
1592, 1203.2911982536316, 15
1593, 1204.0565945506096, 10
1594, 1204.8219908475876, 16
1595, 1205.5873871445656, 16
1596, 1206.3527834415436, 9
1597, 1207.1181797385216, 13
1598, 1207.8835760354996, 11
1599, 1208.6489723324776, 17
1600, 1209.4143686294556, 16
1601, 1210.1797649264336, 20
1602, 1210.9451612234116, 16
1603, 1211.7105575203896, 23
1604, 1212.4759538173676, 12
1605, 1213.2413501143456, 18
1606, 1214.0067464113235, 14
1607, 1214.7721427083015, 22
1608, 1215.5375390052795, 16
1609, 1216.3029353022575, 15
1610, 1217.0683315992355, 16
1611, 1217.8337278962135, 25
1612, 1218.5991241931915, 18
1613, 1219.3645204901695, 17
1614, 1220.1299167871475, 15
1615, 1220.8953130841255, 23
1616, 1221.6607093811035, 29
1617, 1222.4261056780815, 12
1618, 1223.1915019750595, 24
1619, 1223.9568982720375, 19
1620, 1224.7222945690155, 17
1621, 1225.4876908659935, 18
1622, 1226.2530871629715, 22
1623, 1227.0184834599495, 25
1624, 1227.7838797569275, 22
1625, 1228.5492760539055, 20
1626, 1229.3146723508835, 26
1627, 1230.0800686478615, 21
1628, 1230.8454649448395, 24
1629, 1231.6108612418175, 14
1630, 1232.3762575387955, 25
1631, 1233.1416538357735, 20
1632, 1233.9070501327515, 24
1633, 1234.6724464297295, 33
1634, 1235.4378427267075, 28
1635, 1236.2032390236855, 32
1636, 1236.9686353206635, 19
1637, 1237.7340316176414, 31
1638, 1238.4994279146194, 21
1639, 1239.2648242115974, 27
1640, 1240.0302205085754, 28
1641, 1240.7956168055534, 25
1642, 1241.5610131025314, 23
1643, 1242.3264093995094, 32
1644, 1243.0918056964874, 24
1645, 1243.8572019934654, 20
1646, 1244.6225982904434, 27
1647, 1245.3879945874214, 23
1648, 1246.1533908843994, 33
1649, 1246.9187871813774, 17
1650, 1247.6841834783554, 24
1651, 1248.4495797753334, 24
1652, 1249.2149760723114, 26
1653, 1249.9803723692894, 24
1654, 1250.7457686662674, 19
1655, 1251.5111649632454, 34
1656, 1252.2765612602234, 23
1657, 1253.0419575572014, 33
1658, 1253.8073538541794, 22
1659, 1254.5727501511574, 28
1660, 1255.3381464481354, 22
1661, 1256.1035427451134, 28
1662, 1256.8689390420914, 26
1663, 1257.6343353390694, 23
1664, 1258.3997316360474, 34
1665, 1259.1651279330254, 26
1666, 1259.9305242300034, 24
1667, 1260.6959205269814, 33
1668, 1261.4613168239594, 23
1669, 1262.2267131209373, 31
1670, 1262.9921094179153, 25
1671, 1263.7575057148933, 23
1672, 1264.5229020118713, 32
1673, 1265.2882983088493, 24
1674, 1266.0536946058273, 21
1675, 1266.8190909028053, 29
1676, 1267.5844871997833, 23
1677, 1268.3498834967613, 28
1678, 1269.1152797937393, 23
1679, 1269.8806760907173, 31
1680, 1270.6460723876953, 32
1681, 1271.4114686846733, 23
1682, 1272.1768649816513, 18
1683, 1272.9422612786293, 33
1684, 1273.7076575756073, 29
1685, 1274.4730538725853, 37
1686, 1275.2384501695633, 32
1687, 1276.0038464665413, 26
1688, 1276.7692427635193, 29
1689, 1277.5346390604973, 29
1690, 1278.3000353574753, 22
1691, 1279.0654316544533, 19
1692, 1279.8308279514313, 21
1693, 1280.5962242484093, 22
1694, 1281.3616205453873, 20
1695, 1282.1270168423653, 20
1696, 1282.8924131393433, 23
1697, 1283.6578094363213, 17
1698, 1284.4232057332993, 31
1699, 1285.1886020302773, 21
1700, 1285.9539983272552, 16
1701, 1286.7193946242332, 33
1702, 1287.4847909212112, 23
1703, 1288.2501872181892, 13
1704, 1289.0155835151672, 22
1705, 1289.7809798121452, 28
1706, 1290.5463761091232, 31
1707, 1291.3117724061012, 23
1708, 1292.0771687030792, 23
1709, 1292.8425650000572, 23
1710, 1293.6079612970352, 27
1711, 1294.3733575940132, 27
1712, 1295.1387538909912, 23
1713, 1295.9041501879692, 24
1714, 1296.6695464849472, 19
1715, 1297.4349427819252, 26
1716, 1298.2003390789032, 26
1717, 1298.9657353758812, 27
1718, 1299.7311316728592, 16
1719, 1300.4965279698372, 25
1720, 1301.2619242668152, 14
1721, 1302.0273205637932, 25
1722, 1302.7927168607712, 20
1723, 1303.5581131577492, 23
1724, 1304.3235094547272, 23
1725, 1305.0889057517052, 19
1726, 1305.8543020486832, 25
1727, 1306.6196983456612, 14
1728, 1307.3850946426392, 12
1729, 1308.1504909396172, 16
1730, 1308.9158872365952, 17
1731, 1309.6812835335732, 18
1732, 1310.4466798305511, 14
1733, 1311.2120761275291, 23
1734, 1311.9774724245071, 16
1735, 1312.7428687214851, 12
1736, 1313.5082650184631, 15
1737, 1314.2736613154411, 13
1738, 1315.0390576124191, 13
1739, 1315.8044539093971, 19
1740, 1316.5698502063751, 13
1741, 1317.3352465033531, 17
1742, 1318.1006428003311, 14
1743, 1318.866039097309, 7
1744, 1319.631435394287, 14
1745, 1320.396831691265, 10
1746, 1321.162227988243, 23
1747, 1321.927624285221, 12
1748, 1322.693020582199, 11
1749, 1323.458416879177, 23
1750, 1324.223813176155, 15
1751, 1324.989209473133, 12
1752, 1325.754605770111, 7
1753, 1326.520002067089, 15
1754, 1327.285398364067, 12
1755, 1328.050794661045, 15
1756, 1328.816190958023, 9
1757, 1329.581587255001, 10
1758, 1330.346983551979, 7
1759, 1331.112379848957, 6
1760, 1331.877776145935, 14
1761, 1332.643172442913, 9
1762, 1333.408568739891, 8
1763, 1334.173965036869, 9
1764, 1334.939361333847, 17
1765, 1335.704757630825, 15
1766, 1336.470153927803, 6
1767, 1337.235550224781, 15
1768, 1338.000946521759, 7
1769, 1338.766342818737, 9
1770, 1339.531739115715, 16
1771, 1340.297135412693, 7
1772, 1341.062531709671, 14
1773, 1341.827928006649, 9
1774, 1342.593324303627, 9
1775, 1343.358720600605, 8
1776, 1344.124116897583, 9
1777, 1344.889513194561, 9
1778, 1345.654909491539, 8
1779, 1346.420305788517, 5
1780, 1347.185702085495, 6
1781, 1347.951098382473, 8
1782, 1348.716494679451, 12
1783, 1349.481890976429, 10
1784, 1350.247287273407, 14
1785, 1351.012683570385, 12
1786, 1351.778079867363, 9
1787, 1352.543476164341, 2
1788, 1353.308872461319, 12
1789, 1354.074268758297, 7
1790, 1354.839665055275, 10
1791, 1355.605061352253, 8
1792, 1356.370457649231, 7
1793, 1357.135853946209, 7
1794, 1357.901250243187, 10
1795, 1358.666646540165, 6
1796, 1359.432042837143, 8
1797, 1360.197439134121, 7
1798, 1360.962835431099, 3
1799, 1361.728231728077, 3
1800, 1362.493628025055, 5
1801, 1363.259024322033, 8
1802, 1364.024420619011, 7
1803, 1364.789816915989, 4
1804, 1365.555213212967, 5
1805, 1366.320609509945, 11
1806, 1367.086005806923, 9
1807, 1367.851402103901, 11
1808, 1368.616798400879, 5
1809, 1369.382194697857, 10
1810, 1370.147590994835, 5
1811, 1370.912987291813, 3
1812, 1371.678383588791, 6
1813, 1372.443779885769, 8
1814, 1373.209176182747, 10
1815, 1373.9745724797249, 12
1816, 1374.7399687767029, 12
1817, 1375.5053650736809, 10
1818, 1376.2707613706589, 10
1819, 1377.0361576676369, 5
1820, 1377.8015539646149, 9
1821, 1378.5669502615929, 10
1822, 1379.3323465585709, 7
1823, 1380.0977428555489, 7
1824, 1380.8631391525269, 7
1825, 1381.6285354495049, 7
1826, 1382.3939317464828, 10
1827, 1383.1593280434608, 13
1828, 1383.9247243404388, 15
1829, 1384.6901206374168, 5
1830, 1385.4555169343948, 8
1831, 1386.2209132313728, 5
1832, 1386.9863095283508, 6
1833, 1387.7517058253288, 13
1834, 1388.5171021223068, 9
1835, 1389.2824984192848, 11
1836, 1390.0478947162628, 7
1837, 1390.8132910132408, 4
1838, 1391.5786873102188, 10
1839, 1392.3440836071968, 11
1840, 1393.1094799041748, 15
1841, 1393.8748762011528, 6
1842, 1394.6402724981308, 9
1843, 1395.4056687951088, 9
1844, 1396.1710650920868, 11
1845, 1396.9364613890648, 8
1846, 1397.7018576860428, 8
1847, 1398.4672539830208, 6
1848, 1399.2326502799988, 14
1849, 1399.9980465769768, 7
1850, 1400.7634428739548, 19
1851, 1401.5288391709328, 7
1852, 1402.2942354679108, 13
1853, 1403.0596317648888, 8
1854, 1403.8250280618668, 8
1855, 1404.5904243588448, 10
1856, 1405.3558206558228, 9
1857, 1406.1212169528008, 8
1858, 1406.8866132497787, 8
1859, 1407.6520095467567, 10
1860, 1408.4174058437347, 6
1861, 1409.1828021407127, 14
1862, 1409.9481984376907, 10
1863, 1410.7135947346687, 10
1864, 1411.4789910316467, 10
1865, 1412.2443873286247, 7
1866, 1413.0097836256027, 9
1867, 1413.7751799225807, 11
1868, 1414.5405762195587, 11
1869, 1415.3059725165367, 11
1870, 1416.0713688135147, 8
1871, 1416.8367651104927, 14
1872, 1417.6021614074707, 8
1873, 1418.3675577044487, 10
1874, 1419.1329540014267, 7
1875, 1419.8983502984047, 9
1876, 1420.6637465953827, 9
1877, 1421.4291428923607, 16
1878, 1422.1945391893387, 12
1879, 1422.9599354863167, 17
1880, 1423.7253317832947, 10
1881, 1424.4907280802727, 15
1882, 1425.2561243772507, 14
1883, 1426.0215206742287, 7
1884, 1426.7869169712067, 13
1885, 1427.5523132681847, 8
1886, 1428.3177095651627, 7
1887, 1429.0831058621407, 12
1888, 1429.8485021591187, 13
1889, 1430.6138984560966, 11
1890, 1431.3792947530746, 12
1891, 1432.1446910500526, 12
1892, 1432.9100873470306, 13
1893, 1433.6754836440086, 10
1894, 1434.4408799409866, 10
1895, 1435.2062762379646, 11
1896, 1435.9716725349426, 14
1897, 1436.7370688319206, 7
1898, 1437.5024651288986, 15
1899, 1438.2678614258766, 9
1900, 1439.0332577228546, 6
1901, 1439.7986540198326, 12
1902, 1440.5640503168106, 15
1903, 1441.3294466137886, 10
1904, 1442.0948429107666, 15
1905, 1442.8602392077446, 9
1906, 1443.6256355047226, 10
1907, 1444.3910318017006, 14
1908, 1445.1564280986786, 11
1909, 1445.9218243956566, 12
1910, 1446.6872206926346, 9
1911, 1447.4526169896126, 15
1912, 1448.2180132865906, 7
1913, 1448.9834095835686, 6
1914, 1449.7488058805466, 12
1915, 1450.5142021775246, 12
1916, 1451.2795984745026, 13
1917, 1452.0449947714806, 11
1918, 1452.8103910684586, 11
1919, 1453.5757873654366, 7
1920, 1454.3411836624146, 8
1921, 1455.1065799593925, 9
1922, 1455.8719762563705, 11
1923, 1456.6373725533485, 6
1924, 1457.4027688503265, 9
1925, 1458.1681651473045, 11
1926, 1458.9335614442825, 10
1927, 1459.6989577412605, 10
1928, 1460.4643540382385, 12
1929, 1461.2297503352165, 11
1930, 1461.9951466321945, 8
1931, 1462.7605429291725, 11
1932, 1463.5259392261505, 16
1933, 1464.2913355231285, 9
1934, 1465.0567318201065, 12
1935, 1465.8221281170845, 13
1936, 1466.5875244140625, 7
1937, 1467.3529207110405, 8
1938, 1468.1183170080185, 4
1939, 1468.8837133049965, 7
1940, 1469.6491096019745, 15
1941, 1470.4145058989525, 7
1942, 1471.1799021959305, 8
1943, 1471.9452984929085, 9
1944, 1472.7106947898865, 11
1945, 1473.4760910868645, 4
1946, 1474.2414873838425, 6
1947, 1475.0068836808205, 8
1948, 1475.7722799777985, 9
1949, 1476.5376762747765, 6
1950, 1477.3030725717545, 8
1951, 1478.0684688687325, 12
1952, 1478.8338651657104, 10
1953, 1479.5992614626884, 11
1954, 1480.3646577596664, 6
1955, 1481.1300540566444, 11
1956, 1481.8954503536224, 9
1957, 1482.6608466506004, 4
1958, 1483.4262429475784, 7
1959, 1484.1916392445564, 6
1960, 1484.9570355415344, 7
1961, 1485.7224318385124, 10
1962, 1486.4878281354904, 5
1963, 1487.2532244324684, 12
1964, 1488.0186207294464, 10
1965, 1488.7840170264244, 6
1966, 1489.5494133234024, 13
1967, 1490.3148096203804, 6
1968, 1491.0802059173584, 7
1969, 1491.8456022143364, 9
1970, 1492.6109985113144, 3
1971, 1493.3763948082924, 6
1972, 1494.1417911052704, 6
1973, 1494.9071874022484, 7
1974, 1495.6725836992264, 8
1975, 1496.4379799962044, 8
1976, 1497.2033762931824, 5
1977, 1497.9687725901604, 8
1978, 1498.7341688871384, 6
1979, 1499.4995651841164, 5
1980, 1500.2649614810944, 5
1981, 1501.0303577780724, 3
1982, 1501.7957540750504, 11
1983, 1502.5611503720284, 4
1984, 1503.3265466690063, 8
1985, 1504.0919429659843, 8
1986, 1504.8573392629623, 5
1987, 1505.6227355599403, 12
1988, 1506.3881318569183, 3
1989, 1507.1535281538963, 5
1990, 1507.9189244508743, 8
1991, 1508.6843207478523, 2
1992, 1509.4497170448303, 1
1993, 1510.2151133418083, 5
1994, 1510.9805096387863, 11
1995, 1511.7459059357643, 5
1996, 1512.5113022327423, 8
1997, 1513.2766985297203, 6
1998, 1514.0420948266983, 6
1999, 1514.8074911236763, 4
2000, 1515.5728874206543, 6
2001, 1516.3382837176323, 4
2002, 1517.1036800146103, 4
2003, 1517.8690763115883, 7
2004, 1518.6344726085663, 3
2005, 1519.3998689055443, 3
2006, 1520.1652652025223, 3
2007, 1520.9306614995003, 2
2008, 1521.6960577964783, 4
2009, 1522.4614540934563, 1
2010, 1523.2268503904343, 4
2011, 1523.9922466874123, 4
2012, 1524.7576429843903, 4
2013, 1525.5230392813683, 3
2014, 1526.2884355783463, 4
2015, 1527.0538318753242, 6
2016, 1527.8192281723022, 2
2017, 1528.5846244692802, 3
2018, 1529.3500207662582, 5
2019, 1530.1154170632362, 3
2020, 1530.8808133602142, 8
2021, 1531.6462096571922, 5
2022, 1532.4116059541702, 1
2023, 1533.1770022511482, 2
2024, 1533.9423985481262, 8
2025, 1534.7077948451042, 6
2026, 1535.4731911420822, 3
2027, 1536.2385874390602, 2
2028, 1537.0039837360382, 3
2029, 1537.7693800330162, 2
2030, 1538.5347763299942, 4
2031, 1539.3001726269722, 4
2032, 1540.0655689239502, 1
2033, 1540.8309652209282, 4
2034, 1541.5963615179062, 2
2035, 1542.3617578148842, 4
2036, 1543.1271541118622, 3
2037, 1543.8925504088402, 1
2038, 1544.6579467058182, 3
2039, 1545.4233430027962, 3
2040, 1546.1887392997742, 8
2041, 1546.9541355967522, 5
2042, 1547.7195318937302, 4
2043, 1548.4849281907082, 5
2044, 1549.2503244876862, 2
2045, 1550.0157207846642, 2
2046, 1550.7811170816422, 7
2047, 1551.5465133786201, 1
2048, 1552.3119096755981, 0
