Start Time, Fri Apr 10 12:04:11 GMT-0400 2026
Energy calibration,  Offset: -168.54302978515625, Slope: 0.9260296821594238, Quadratic: 0
Live Time (s), 120
Real Time (s), 130.731314
Elapsed Computational, 0
Spectrum
Channel, Energy (keV), Counts
1, -167.61700010299683, 1
2, -166.6909704208374, 0
3, -165.76494073867798, 1
4, -164.83891105651855, 0
5, -163.91288137435913, 0
6, -162.9868516921997, 0
7, -162.06082201004028, 0
8, -161.13479232788086, 0
9, -160.20876264572144, 9
10, -159.282732963562, 143
11, -158.3567032814026, 1028
12, -157.43067359924316, 1914
13, -156.50464391708374, 2372
14, -155.57861423492432, 2754
15, -154.6525845527649, 3215
16, -153.72655487060547, 3815
17, -152.80052518844604, 4259
18, -151.87449550628662, 4114
19, -150.9484658241272, 3685
20, -150.02243614196777, 2888
21, -149.09640645980835, 2118
22, -148.17037677764893, 1680
23, -147.2443470954895, 1345
24, -146.31831741333008, 1305
25, -145.39228773117065, 1299
26, -144.46625804901123, 1280
27, -143.5402283668518, 1257
28, -142.61419868469238, 1139
29, -141.68816900253296, 1090
30, -140.76213932037354, 973
31, -139.8361096382141, 829
32, -138.9100799560547, 745
33, -137.98405027389526, 701
34, -137.05802059173584, 672
35, -136.13199090957642, 648
36, -135.205961227417, 676
37, -134.27993154525757, 672
38, -133.35390186309814, 779
39, -132.42787218093872, 890
40, -131.5018424987793, 921
41, -130.57581281661987, 1080
42, -129.64978313446045, 1101
43, -128.72375345230103, 1178
44, -127.7977237701416, 1309
45, -126.87169408798218, 1325
46, -125.94566440582275, 1485
47, -125.01963472366333, 1590
48, -124.0936050415039, 1717
49, -123.16757535934448, 1820
50, -122.24154567718506, 2164
51, -121.31551599502563, 2584
52, -120.38948631286621, 3116
53, -119.46345663070679, 3599
54, -118.53742694854736, 4449
55, -117.61139726638794, 5566
56, -116.68536758422852, 6670
57, -115.75933790206909, 7932
58, -114.83330821990967, 9258
59, -113.90727853775024, 10759
60, -112.98124885559082, 11596
61, -112.0552191734314, 12333
62, -111.12918949127197, 12523
63, -110.20315980911255, 11845
64, -109.27713012695313, 11240
65, -108.3511004447937, 9806
66, -107.42507076263428, 8825
67, -106.49904108047485, 7641
68, -105.57301139831543, 6598
69, -104.646981716156, 5716
70, -103.72095203399658, 5099
71, -102.79492235183716, 4600
72, -101.86889266967773, 4098
73, -100.94286298751831, 3747
74, -100.01683330535889, 3174
75, -99.09080362319946, 2758
76, -98.16477394104004, 2369
77, -97.23874425888062, 1929
78, -96.31271457672119, 1711
79, -95.38668489456177, 1530
80, -94.46065521240234, 1260
81, -93.53462553024292, 1117
82, -92.6085958480835, 982
83, -91.68256616592407, 919
84, -90.75653648376465, 874
85, -89.83050680160522, 796
86, -88.9044771194458, 820
87, -87.97844743728638, 821
88, -87.05241775512695, 818
89, -86.12638807296753, 806
90, -85.2003583908081, 793
91, -84.27432870864868, 738
92, -83.34829902648926, 787
93, -82.42226934432983, 808
94, -81.49623966217041, 787
95, -80.57020998001099, 762
96, -79.64418029785156, 860
97, -78.71815061569214, 828
98, -77.79212093353271, 803
99, -76.86609125137329, 843
100, -75.94006156921387, 770
101, -75.01403188705444, 868
102, -74.08800220489502, 811
103, -73.1619725227356, 836
104, -72.23594284057617, 919
105, -71.30991315841675, 922
106, -70.38388347625732, 878
107, -69.4578537940979, 913
108, -68.53182411193848, 926
109, -67.60579442977905, 926
110, -66.67976474761963, 921
111, -65.7537350654602, 1037
112, -64.82770538330078, 975
113, -63.90167570114136, 1023
114, -62.975646018981934, 1062
115, -62.04961633682251, 1064
116, -61.123586654663086, 1164
117, -60.19755697250366, 1140
118, -59.27152729034424, 1119
119, -58.345497608184814, 1228
120, -57.41946792602539, 1240
121, -56.49343824386597, 1266
122, -55.56740856170654, 1329
123, -54.64137887954712, 1283
124, -53.715349197387695, 1296
125, -52.78931951522827, 1390
126, -51.86328983306885, 1347
127, -50.937260150909424, 1394
128, -50.01123046875, 1361
129, -49.085200786590576, 1378
130, -48.15917110443115, 1383
131, -47.23314142227173, 1362
132, -46.307111740112305, 1364
133, -45.38108205795288, 1377
134, -44.45505237579346, 1381
135, -43.52902269363403, 1277
136, -42.60299301147461, 1351
137, -41.676963329315186, 1343
138, -40.75093364715576, 1320
139, -39.82490396499634, 1283
140, -38.898874282836914, 1213
141, -37.97284460067749, 1193
142, -37.046814918518066, 1290
143, -36.12078523635864, 1081
144, -35.19475555419922, 1176
145, -34.268725872039795, 1143
146, -33.34269618988037, 1197
147, -32.41666650772095, 1115
148, -31.490636825561523, 1166
149, -30.5646071434021, 1166
150, -29.638577461242676, 1147
151, -28.712547779083252, 1133
152, -27.786518096923828, 1202
153, -26.860488414764404, 1175
154, -25.93445873260498, 1164
155, -25.008429050445557, 1215
156, -24.082399368286133, 1226
157, -23.15636968612671, 1220
158, -22.230340003967285, 1279
159, -21.30431032180786, 1401
160, -20.378280639648438, 1408
161, -19.452250957489014, 1473
162, -18.52622127532959, 1487
163, -17.600191593170166, 1689
164, -16.674161911010742, 1776
165, -15.748132228851318, 1948
166, -14.822102546691895, 2199
167, -13.89607286453247, 2248
168, -12.970043182373047, 2537
169, -12.044013500213623, 2719
170, -11.1179838180542, 3010
171, -10.191954135894775, 3329
172, -9.265924453735352, 3556
173, -8.339894771575928, 3856
174, -7.413865089416504, 4004
175, -6.48783540725708, 4264
176, -5.561805725097656, 4454
177, -4.635776042938232, 4568
178, -3.7097463607788086, 4627
179, -2.7837166786193848, 4764
180, -1.857686996459961, 4888
181, -0.9316573143005371, 4673
182, -0.005627632141113281, 4609
183, 0.9204020500183105, 4445
184, 1.8464317321777344, 4151
185, 2.772461414337158, 3983
186, 3.698491096496582, 3877
187, 4.624520778656006, 3447
188, 5.55055046081543, 3185
189, 6.4765801429748535, 2881
190, 7.402609825134277, 2705
191, 8.328639507293701, 2406
192, 9.254669189453125, 2164
193, 10.180698871612549, 1935
194, 11.106728553771973, 1799
195, 12.032758235931396, 1621
196, 12.95878791809082, 1467
197, 13.884817600250244, 1312
198, 14.810847282409668, 1235
199, 15.736876964569092, 1232
200, 16.662906646728516, 1140
201, 17.58893632888794, 1076
202, 18.514966011047363, 1083
203, 19.440995693206787, 1060
204, 20.36702537536621, 951
205, 21.293055057525635, 1003
206, 22.21908473968506, 1017
207, 23.145114421844482, 1020
208, 24.071144104003906, 1014
209, 24.99717378616333, 975
210, 25.923203468322754, 975
211, 26.849233150482178, 936
212, 27.7752628326416, 963
213, 28.701292514801025, 978
214, 29.62732219696045, 937
215, 30.553351879119873, 990
216, 31.479381561279297, 972
217, 32.40541124343872, 934
218, 33.331440925598145, 970
219, 34.25747060775757, 988
220, 35.18350028991699, 986
221, 36.109529972076416, 956
222, 37.03555965423584, 1013
223, 37.961589336395264, 1048
224, 38.88761901855469, 987
225, 39.81364870071411, 1044
226, 40.739678382873535, 1025
227, 41.66570806503296, 1082
228, 42.59173774719238, 1086
229, 43.51776742935181, 1060
230, 44.44379711151123, 1135
231, 45.369826793670654, 1115
232, 46.29585647583008, 1084
233, 47.2218861579895, 1090
234, 48.147915840148926, 1137
235, 49.07394552230835, 1153
236, 49.99997520446777, 1162
237, 50.9260048866272, 1202
238, 51.85203456878662, 1157
239, 52.778064250946045, 1186
240, 53.70409393310547, 1185
241, 54.63012361526489, 1223
242, 55.556153297424316, 1185
243, 56.48218297958374, 1195
244, 57.408212661743164, 1149
245, 58.33424234390259, 1133
246, 59.26027202606201, 1172
247, 60.186301708221436, 1080
248, 61.11233139038086, 1153
249, 62.03836107254028, 1066
250, 62.96439075469971, 1035
251, 63.89042043685913, 1075
252, 64.81645011901855, 995
253, 65.74247980117798, 983
254, 66.6685094833374, 963
255, 67.59453916549683, 952
256, 68.52056884765625, 959
257, 69.44659852981567, 961
258, 70.3726282119751, 948
259, 71.29865789413452, 941
260, 72.22468757629395, 879
261, 73.15071725845337, 905
262, 74.0767469406128, 958
263, 75.00277662277222, 866
264, 75.92880630493164, 846
265, 76.85483598709106, 845
266, 77.78086566925049, 879
267, 78.70689535140991, 831
268, 79.63292503356934, 899
269, 80.55895471572876, 832
270, 81.48498439788818, 859
271, 82.41101408004761, 919
272, 83.33704376220703, 909
273, 84.26307344436646, 879
274, 85.18910312652588, 865
275, 86.1151328086853, 846
276, 87.04116249084473, 848
277, 87.96719217300415, 858
278, 88.89322185516357, 848
279, 89.819251537323, 881
280, 90.74528121948242, 874
281, 91.67131090164185, 871
282, 92.59734058380127, 864
283, 93.5233702659607, 882
284, 94.44939994812012, 844
285, 95.37542963027954, 900
286, 96.30145931243896, 895
287, 97.22748899459839, 884
288, 98.15351867675781, 851
289, 99.07954835891724, 916
290, 100.00557804107666, 962
291, 100.93160772323608, 908
292, 101.85763740539551, 905
293, 102.78366708755493, 1025
294, 103.70969676971436, 925
295, 104.63572645187378, 1003
296, 105.5617561340332, 994
297, 106.48778581619263, 1023
298, 107.41381549835205, 941
299, 108.33984518051147, 1000
300, 109.2658748626709, 977
301, 110.19190454483032, 943
302, 111.11793422698975, 968
303, 112.04396390914917, 1013
304, 112.9699935913086, 1020
305, 113.89602327346802, 1115
306, 114.82205295562744, 1002
307, 115.74808263778687, 1019
308, 116.67411231994629, 994
309, 117.60014200210571, 1005
310, 118.52617168426514, 970
311, 119.45220136642456, 979
312, 120.37823104858398, 1024
313, 121.30426073074341, 1032
314, 122.23029041290283, 1076
315, 123.15632009506226, 1082
316, 124.08234977722168, 979
317, 125.0083794593811, 1074
318, 125.93440914154053, 1091
319, 126.86043882369995, 1056
320, 127.78646850585938, 1080
321, 128.7124981880188, 1113
322, 129.63852787017822, 1047
323, 130.56455755233765, 1115
324, 131.49058723449707, 1091
325, 132.4166169166565, 1140
326, 133.34264659881592, 1169
327, 134.26867628097534, 1067
328, 135.19470596313477, 1144
329, 136.1207356452942, 1156
330, 137.0467653274536, 1170
331, 137.97279500961304, 1186
332, 138.89882469177246, 1189
333, 139.82485437393188, 1183
334, 140.7508840560913, 1204
335, 141.67691373825073, 1188
336, 142.60294342041016, 1217
337, 143.52897310256958, 1237
338, 144.455002784729, 1272
339, 145.38103246688843, 1224
340, 146.30706214904785, 1215
341, 147.23309183120728, 1227
342, 148.1591215133667, 1210
343, 149.08515119552612, 1287
344, 150.01118087768555, 1169
345, 150.93721055984497, 1247
346, 151.8632402420044, 1232
347, 152.78926992416382, 1298
348, 153.71529960632324, 1166
349, 154.64132928848267, 1137
350, 155.5673589706421, 1175
351, 156.4933886528015, 1148
352, 157.41941833496094, 1109
353, 158.34544801712036, 1181
354, 159.27147769927979, 1109
355, 160.1975073814392, 1163
356, 161.12353706359863, 1104
357, 162.04956674575806, 1042
358, 162.97559642791748, 1116
359, 163.9016261100769, 1015
360, 164.82765579223633, 1051
361, 165.75368547439575, 956
362, 166.67971515655518, 1011
363, 167.6057448387146, 927
364, 168.53177452087402, 936
365, 169.45780420303345, 886
366, 170.38383388519287, 933
367, 171.3098635673523, 877
368, 172.23589324951172, 883
369, 173.16192293167114, 847
370, 174.08795261383057, 860
371, 175.01398229599, 826
372, 175.9400119781494, 799
373, 176.86604166030884, 841
374, 177.79207134246826, 768
375, 178.71810102462769, 820
376, 179.6441307067871, 773
377, 180.57016038894653, 781
378, 181.49619007110596, 786
379, 182.42221975326538, 751
380, 183.3482494354248, 771
381, 184.27427911758423, 802
382, 185.20030879974365, 723
383, 186.12633848190308, 793
384, 187.0523681640625, 794
385, 187.97839784622192, 751
386, 188.90442752838135, 782
387, 189.83045721054077, 767
388, 190.7564868927002, 741
389, 191.68251657485962, 730
390, 192.60854625701904, 794
391, 193.53457593917847, 746
392, 194.4606056213379, 732
393, 195.38663530349731, 724
394, 196.31266498565674, 722
395, 197.23869466781616, 744
396, 198.1647243499756, 776
397, 199.090754032135, 754
398, 200.01678371429443, 727
399, 200.94281339645386, 735
400, 201.86884307861328, 777
401, 202.7948727607727, 747
402, 203.72090244293213, 725
403, 204.64693212509155, 721
404, 205.57296180725098, 760
405, 206.4989914894104, 769
406, 207.42502117156982, 762
407, 208.35105085372925, 713
408, 209.27708053588867, 716
409, 210.2031102180481, 720
410, 211.12913990020752, 748
411, 212.05516958236694, 762
412, 212.98119926452637, 725
413, 213.9072289466858, 748
414, 214.83325862884521, 754
415, 215.75928831100464, 730
416, 216.68531799316406, 718
417, 217.6113476753235, 750
418, 218.5373773574829, 709
419, 219.46340703964233, 750
420, 220.38943672180176, 707
421, 221.31546640396118, 732
422, 222.2414960861206, 702
423, 223.16752576828003, 720
424, 224.09355545043945, 669
425, 225.01958513259888, 698
426, 225.9456148147583, 714
427, 226.87164449691772, 737
428, 227.79767417907715, 710
429, 228.72370386123657, 737
430, 229.649733543396, 726
431, 230.57576322555542, 745
432, 231.50179290771484, 775
433, 232.42782258987427, 745
434, 233.3538522720337, 744
435, 234.27988195419312, 756
436, 235.20591163635254, 779
437, 236.13194131851196, 830
438, 237.0579710006714, 792
439, 237.9840006828308, 828
440, 238.91003036499023, 810
441, 239.83606004714966, 886
442, 240.76208972930908, 897
443, 241.6881194114685, 885
444, 242.61414909362793, 908
445, 243.54017877578735, 924
446, 244.46620845794678, 894
447, 245.3922381401062, 981
448, 246.31826782226563, 1003
449, 247.24429750442505, 1051
450, 248.17032718658447, 1073
451, 249.0963568687439, 1075
452, 250.02238655090332, 1056
453, 250.94841623306274, 1126
454, 251.87444591522217, 1212
455, 252.8004755973816, 1220
456, 253.72650527954102, 1198
457, 254.65253496170044, 1211
458, 255.57856464385986, 1370
459, 256.5045943260193, 1310
460, 257.4306240081787, 1307
461, 258.35665369033813, 1424
462, 259.28268337249756, 1437
463, 260.208713054657, 1394
464, 261.1347427368164, 1445
465, 262.06077241897583, 1463
466, 262.98680210113525, 1483
467, 263.9128317832947, 1530
468, 264.8388614654541, 1556
469, 265.7648911476135, 1523
470, 266.69092082977295, 1653
471, 267.6169505119324, 1597
472, 268.5429801940918, 1587
473, 269.4690098762512, 1586
474, 270.39503955841064, 1655
475, 271.32106924057007, 1645
476, 272.2470989227295, 1580
477, 273.1731286048889, 1607
478, 274.09915828704834, 1609
479, 275.02518796920776, 1675
480, 275.9512176513672, 1653
481, 276.8772473335266, 1640
482, 277.80327701568604, 1579
483, 278.72930669784546, 1630
484, 279.6553363800049, 1505
485, 280.5813660621643, 1497
486, 281.50739574432373, 1527
487, 282.43342542648315, 1485
488, 283.3594551086426, 1444
489, 284.285484790802, 1411
490, 285.2115144729614, 1435
491, 286.13754415512085, 1343
492, 287.0635738372803, 1357
493, 287.9896035194397, 1335
494, 288.9156332015991, 1288
495, 289.84166288375854, 1203
496, 290.76769256591797, 1163
497, 291.6937222480774, 1196
498, 292.6197519302368, 1138
499, 293.54578161239624, 1149
500, 294.47181129455566, 1033
501, 295.3978409767151, 1045
502, 296.3238706588745, 998
503, 297.24990034103394, 1006
504, 298.17593002319336, 935
505, 299.1019597053528, 923
506, 300.0279893875122, 926
507, 300.95401906967163, 862
508, 301.88004875183105, 870
509, 302.8060784339905, 827
510, 303.7321081161499, 796
511, 304.6581377983093, 784
512, 305.58416748046875, 792
513, 306.5101971626282, 792
514, 307.4362268447876, 728
515, 308.362256526947, 639
516, 309.28828620910645, 646
517, 310.21431589126587, 643
518, 311.1403455734253, 652
519, 312.0663752555847, 646
520, 312.99240493774414, 636
521, 313.91843461990356, 643
522, 314.844464302063, 645
523, 315.7704939842224, 632
524, 316.69652366638184, 602
525, 317.62255334854126, 613
526, 318.5485830307007, 563
527, 319.4746127128601, 594
528, 320.40064239501953, 558
529, 321.32667207717896, 624
530, 322.2527017593384, 578
531, 323.1787314414978, 515
532, 324.1047611236572, 582
533, 325.03079080581665, 591
534, 325.9568204879761, 516
535, 326.8828501701355, 554
536, 327.8088798522949, 540
537, 328.73490953445435, 529
538, 329.66093921661377, 551
539, 330.5869688987732, 568
540, 331.5129985809326, 562
541, 332.43902826309204, 494
542, 333.36505794525146, 528
543, 334.2910876274109, 561
544, 335.2171173095703, 530
545, 336.14314699172974, 556
546, 337.06917667388916, 522
547, 337.9952063560486, 563
548, 338.921236038208, 547
549, 339.84726572036743, 559
550, 340.77329540252686, 518
551, 341.6993250846863, 571
552, 342.6253547668457, 551
553, 343.5513844490051, 552
554, 344.47741413116455, 532
555, 345.403443813324, 554
556, 346.3294734954834, 541
557, 347.2555031776428, 520
558, 348.18153285980225, 519
559, 349.10756254196167, 538
560, 350.0335922241211, 557
561, 350.9596219062805, 537
562, 351.88565158843994, 569
563, 352.81168127059937, 529
564, 353.7377109527588, 532
565, 354.6637406349182, 572
566, 355.58977031707764, 508
567, 356.51579999923706, 494
568, 357.4418296813965, 527
569, 358.3678593635559, 572
570, 359.29388904571533, 581
571, 360.21991872787476, 565
572, 361.1459484100342, 550
573, 362.0719780921936, 537
574, 362.998007774353, 545
575, 363.92403745651245, 545
576, 364.8500671386719, 496
577, 365.7760968208313, 531
578, 366.7021265029907, 592
579, 367.62815618515015, 533
580, 368.55418586730957, 516
581, 369.480215549469, 532
582, 370.4062452316284, 514
583, 371.33227491378784, 533
584, 372.25830459594727, 510
585, 373.1843342781067, 546
586, 374.1103639602661, 526
587, 375.03639364242554, 495
588, 375.96242332458496, 585
589, 376.8884530067444, 543
590, 377.8144826889038, 544
591, 378.74051237106323, 497
592, 379.66654205322266, 525
593, 380.5925717353821, 566
594, 381.5186014175415, 565
595, 382.4446310997009, 525
596, 383.37066078186035, 559
597, 384.2966904640198, 558
598, 385.2227201461792, 482
599, 386.1487498283386, 535
600, 387.07477951049805, 522
601, 388.00080919265747, 504
602, 388.9268388748169, 526
603, 389.8528685569763, 502
604, 390.77889823913574, 575
605, 391.70492792129517, 563
606, 392.6309576034546, 533
607, 393.556987285614, 550
608, 394.48301696777344, 533
609, 395.40904664993286, 501
610, 396.3350763320923, 487
611, 397.2611060142517, 507
612, 398.18713569641113, 521
613, 399.11316537857056, 505
614, 400.03919506073, 541
615, 400.9652247428894, 515
616, 401.8912544250488, 521
617, 402.81728410720825, 483
618, 403.7433137893677, 497
619, 404.6693434715271, 550
620, 405.5953731536865, 505
621, 406.52140283584595, 525
622, 407.44743251800537, 498
623, 408.3734622001648, 547
624, 409.2994918823242, 502
625, 410.22552156448364, 475
626, 411.15155124664307, 498
627, 412.0775809288025, 487
628, 413.0036106109619, 516
629, 413.92964029312134, 484
630, 414.85566997528076, 494
631, 415.7816996574402, 465
632, 416.7077293395996, 487
633, 417.63375902175903, 477
634, 418.55978870391846, 478
635, 419.4858183860779, 462
636, 420.4118480682373, 465
637, 421.33787775039673, 514
638, 422.26390743255615, 459
639, 423.1899371147156, 464
640, 424.115966796875, 476
641, 425.0419964790344, 464
642, 425.96802616119385, 511
643, 426.89405584335327, 446
644, 427.8200855255127, 441
645, 428.7461152076721, 505
646, 429.67214488983154, 478
647, 430.59817457199097, 485
648, 431.5242042541504, 447
649, 432.4502339363098, 452
650, 433.37626361846924, 439
651, 434.30229330062866, 459
652, 435.2283229827881, 496
653, 436.1543526649475, 423
654, 437.08038234710693, 462
655, 438.00641202926636, 459
656, 438.9324417114258, 453
657, 439.8584713935852, 464
658, 440.78450107574463, 478
659, 441.71053075790405, 447
660, 442.6365604400635, 462
661, 443.5625901222229, 484
662, 444.4886198043823, 515
663, 445.41464948654175, 429
664, 446.3406791687012, 500
665, 447.2667088508606, 436
666, 448.19273853302, 475
667, 449.11876821517944, 455
668, 450.04479789733887, 440
669, 450.9708275794983, 412
670, 451.8968572616577, 467
671, 452.82288694381714, 464
672, 453.74891662597656, 456
673, 454.674946308136, 461
674, 455.6009759902954, 456
675, 456.52700567245483, 452
676, 457.45303535461426, 459
677, 458.3790650367737, 453
678, 459.3050947189331, 432
679, 460.23112440109253, 430
680, 461.15715408325195, 451
681, 462.0831837654114, 436
682, 463.0092134475708, 433
683, 463.9352431297302, 481
684, 464.86127281188965, 444
685, 465.7873024940491, 447
686, 466.7133321762085, 485
687, 467.6393618583679, 452
688, 468.56539154052734, 439
689, 469.49142122268677, 445
690, 470.4174509048462, 428
691, 471.3434805870056, 427
692, 472.26951026916504, 456
693, 473.19553995132446, 493
694, 474.1215696334839, 416
695, 475.0475993156433, 456
696, 475.97362899780273, 475
697, 476.89965867996216, 420
698, 477.8256883621216, 417
699, 478.751718044281, 407
700, 479.67774772644043, 416
701, 480.60377740859985, 448
702, 481.5298070907593, 456
703, 482.4558367729187, 433
704, 483.3818664550781, 469
705, 484.30789613723755, 468
706, 485.233925819397, 422
707, 486.1599555015564, 436
708, 487.0859851837158, 405
709, 488.01201486587524, 464
710, 488.93804454803467, 432
711, 489.8640742301941, 407
712, 490.7901039123535, 404
713, 491.71613359451294, 436
714, 492.64216327667236, 395
715, 493.5681929588318, 458
716, 494.4942226409912, 448
717, 495.42025232315063, 421
718, 496.34628200531006, 454
719, 497.2723116874695, 450
720, 498.1983413696289, 449
721, 499.12437105178833, 472
722, 500.05040073394775, 449
723, 500.9764304161072, 424
724, 501.9024600982666, 420
725, 502.828489780426, 428
726, 503.75451946258545, 431
727, 504.6805491447449, 442
728, 505.6065788269043, 414
729, 506.5326085090637, 433
730, 507.45863819122314, 429
731, 508.38466787338257, 454
732, 509.310697555542, 415
733, 510.2367272377014, 455
734, 511.16275691986084, 422
735, 512.0887866020203, 463
736, 513.0148162841797, 429
737, 513.9408459663391, 496
738, 514.8668756484985, 424
739, 515.792905330658, 446
740, 516.7189350128174, 449
741, 517.6449646949768, 440
742, 518.5709943771362, 453
743, 519.4970240592957, 440
744, 520.4230537414551, 431
745, 521.3490834236145, 429
746, 522.2751131057739, 428
747, 523.2011427879333, 445
748, 524.1271724700928, 425
749, 525.0532021522522, 444
750, 525.9792318344116, 422
751, 526.905261516571, 441
752, 527.8312911987305, 417
753, 528.7573208808899, 423
754, 529.6833505630493, 454
755, 530.6093802452087, 446
756, 531.5354099273682, 417
757, 532.4614396095276, 433
758, 533.387469291687, 425
759, 534.3134989738464, 431
760, 535.2395286560059, 423
761, 536.1655583381653, 458
762, 537.0915880203247, 430
763, 538.0176177024841, 423
764, 538.9436473846436, 438
765, 539.869677066803, 425
766, 540.7957067489624, 488
767, 541.7217364311218, 443
768, 542.6477661132813, 437
769, 543.5737957954407, 458
770, 544.4998254776001, 456
771, 545.4258551597595, 441
772, 546.351884841919, 442
773, 547.2779145240784, 468
774, 548.2039442062378, 426
775, 549.1299738883972, 462
776, 550.0560035705566, 438
777, 550.9820332527161, 400
778, 551.9080629348755, 416
779, 552.8340926170349, 444
780, 553.7601222991943, 455
781, 554.6861519813538, 449
782, 555.6121816635132, 441
783, 556.5382113456726, 455
784, 557.464241027832, 445
785, 558.3902707099915, 441
786, 559.3163003921509, 431
787, 560.2423300743103, 456
788, 561.1683597564697, 416
789, 562.0943894386292, 421
790, 563.0204191207886, 454
791, 563.946448802948, 403
792, 564.8724784851074, 413
793, 565.7985081672668, 410
794, 566.7245378494263, 431
795, 567.6505675315857, 473
796, 568.5765972137451, 434
797, 569.5026268959045, 434
798, 570.428656578064, 458
799, 571.3546862602234, 429
800, 572.2807159423828, 401
801, 573.2067456245422, 446
802, 574.1327753067017, 431
803, 575.0588049888611, 390
804, 575.9848346710205, 427
805, 576.9108643531799, 465
806, 577.8368940353394, 398
807, 578.7629237174988, 434
808, 579.6889533996582, 420
809, 580.6149830818176, 422
810, 581.541012763977, 428
811, 582.4670424461365, 416
812, 583.3930721282959, 458
813, 584.3191018104553, 447
814, 585.2451314926147, 443
815, 586.1711611747742, 451
816, 587.0971908569336, 429
817, 588.023220539093, 407
818, 588.9492502212524, 394
819, 589.8752799034119, 415
820, 590.8013095855713, 459
821, 591.7273392677307, 447
822, 592.6533689498901, 411
823, 593.5793986320496, 472
824, 594.505428314209, 428
825, 595.4314579963684, 402
826, 596.3574876785278, 428
827, 597.2835173606873, 399
828, 598.2095470428467, 407
829, 599.1355767250061, 433
830, 600.0616064071655, 424
831, 600.987636089325, 423
832, 601.9136657714844, 432
833, 602.8396954536438, 423
834, 603.7657251358032, 429
835, 604.6917548179626, 441
836, 605.6177845001221, 407
837, 606.5438141822815, 435
838, 607.4698438644409, 429
839, 608.3958735466003, 448
840, 609.3219032287598, 433
841, 610.2479329109192, 433
842, 611.1739625930786, 436
843, 612.099992275238, 418
844, 613.0260219573975, 391
845, 613.9520516395569, 406
846, 614.8780813217163, 431
847, 615.8041110038757, 398
848, 616.7301406860352, 408
849, 617.6561703681946, 409
850, 618.582200050354, 416
851, 619.5082297325134, 391
852, 620.4342594146729, 408
853, 621.3602890968323, 427
854, 622.2863187789917, 441
855, 623.2123484611511, 394
856, 624.1383781433105, 453
857, 625.06440782547, 418
858, 625.9904375076294, 405
859, 626.9164671897888, 419
860, 627.8424968719482, 422
861, 628.7685265541077, 412
862, 629.6945562362671, 406
863, 630.6205859184265, 382
864, 631.5466156005859, 447
865, 632.4726452827454, 442
866, 633.3986749649048, 411
867, 634.3247046470642, 438
868, 635.2507343292236, 399
869, 636.176764011383, 440
870, 637.1027936935425, 419
871, 638.0288233757019, 414
872, 638.9548530578613, 393
873, 639.8808827400208, 432
874, 640.8069124221802, 398
875, 641.7329421043396, 415
876, 642.658971786499, 412
877, 643.5850014686584, 383
878, 644.5110311508179, 431
879, 645.4370608329773, 419
880, 646.3630905151367, 406
881, 647.2891201972961, 421
882, 648.2151498794556, 450
883, 649.141179561615, 457
884, 650.0672092437744, 437
885, 650.9932389259338, 437
886, 651.9192686080933, 398
887, 652.8452982902527, 405
888, 653.7713279724121, 382
889, 654.6973576545715, 446
890, 655.623387336731, 417
891, 656.5494170188904, 400
892, 657.4754467010498, 393
893, 658.4014763832092, 430
894, 659.3275060653687, 407
895, 660.2535357475281, 405
896, 661.1795654296875, 427
897, 662.1055951118469, 443
898, 663.0316247940063, 446
899, 663.9576544761658, 428
900, 664.8836841583252, 426
901, 665.8097138404846, 425
902, 666.735743522644, 426
903, 667.6617732048035, 441
904, 668.5878028869629, 419
905, 669.5138325691223, 426
906, 670.4398622512817, 409
907, 671.3658919334412, 401
908, 672.2919216156006, 437
909, 673.21795129776, 416
910, 674.1439809799194, 454
911, 675.0700106620789, 476
912, 675.9960403442383, 432
913, 676.9220700263977, 411
914, 677.8480997085571, 517
915, 678.7741293907166, 449
916, 679.700159072876, 461
917, 680.6261887550354, 403
918, 681.5522184371948, 486
919, 682.4782481193542, 489
920, 683.4042778015137, 452
921, 684.3303074836731, 446
922, 685.2563371658325, 449
923, 686.182366847992, 442
924, 687.1083965301514, 451
925, 688.0344262123108, 453
926, 688.9604558944702, 405
927, 689.8864855766296, 425
928, 690.8125152587891, 478
929, 691.7385449409485, 413
930, 692.6645746231079, 416
931, 693.5906043052673, 424
932, 694.5166339874268, 471
933, 695.4426636695862, 443
934, 696.3686933517456, 428
935, 697.294723033905, 480
936, 698.2207527160645, 418
937, 699.1467823982239, 427
938, 700.0728120803833, 423
939, 700.9988417625427, 468
940, 701.9248714447021, 461
941, 702.8509011268616, 437
942, 703.776930809021, 445
943, 704.7029604911804, 431
944, 705.6289901733398, 441
945, 706.5550198554993, 444
946, 707.4810495376587, 459
947, 708.4070792198181, 475
948, 709.3331089019775, 437
949, 710.259138584137, 403
950, 711.1851682662964, 445
951, 712.1111979484558, 443
952, 713.0372276306152, 435
953, 713.9632573127747, 444
954, 714.8892869949341, 421
955, 715.8153166770935, 435
956, 716.7413463592529, 431
957, 717.6673760414124, 432
958, 718.5934057235718, 408
959, 719.5194354057312, 460
960, 720.4454650878906, 438
961, 721.37149477005, 469
962, 722.2975244522095, 437
963, 723.2235541343689, 430
964, 724.1495838165283, 451
965, 725.0756134986877, 419
966, 726.0016431808472, 375
967, 726.9276728630066, 454
968, 727.853702545166, 406
969, 728.7797322273254, 454
970, 729.7057619094849, 448
971, 730.6317915916443, 455
972, 731.5578212738037, 479
973, 732.4838509559631, 473
974, 733.4098806381226, 444
975, 734.335910320282, 452
976, 735.2619400024414, 456
977, 736.1879696846008, 462
978, 737.1139993667603, 425
979, 738.0400290489197, 512
980, 738.9660587310791, 500
981, 739.8920884132385, 431
982, 740.818118095398, 510
983, 741.7441477775574, 479
984, 742.6701774597168, 487
985, 743.5962071418762, 447
986, 744.5222368240356, 478
987, 745.4482665061951, 484
988, 746.3742961883545, 467
989, 747.3003258705139, 450
990, 748.2263555526733, 484
991, 749.1523852348328, 511
992, 750.0784149169922, 466
993, 751.0044445991516, 467
994, 751.930474281311, 457
995, 752.8565039634705, 544
996, 753.7825336456299, 446
997, 754.7085633277893, 530
998, 755.6345930099487, 523
999, 756.5606226921082, 487
1000, 757.4866523742676, 471
1001, 758.412682056427, 489
1002, 759.3387117385864, 528
1003, 760.2647414207458, 532
1004, 761.1907711029053, 475
1005, 762.1168007850647, 536
1006, 763.0428304672241, 502
1007, 763.9688601493835, 509
1008, 764.894889831543, 494
1009, 765.8209195137024, 533
1010, 766.7469491958618, 504
1011, 767.6729788780212, 537
1012, 768.5990085601807, 510
1013, 769.5250382423401, 547
1014, 770.4510679244995, 534
1015, 771.3770976066589, 518
1016, 772.3031272888184, 538
1017, 773.2291569709778, 546
1018, 774.1551866531372, 511
1019, 775.0812163352966, 555
1020, 776.007246017456, 533
1021, 776.9332756996155, 543
1022, 777.8593053817749, 523
1023, 778.7853350639343, 533
1024, 779.7113647460938, 539
1025, 780.6373944282532, 559
1026, 781.5634241104126, 559
1027, 782.489453792572, 559
1028, 783.4154834747314, 526
1029, 784.3415131568909, 540
1030, 785.2675428390503, 582
1031, 786.1935725212097, 528
1032, 787.1196022033691, 547
1033, 788.0456318855286, 533
1034, 788.971661567688, 547
1035, 789.8976912498474, 543
1036, 790.8237209320068, 621
1037, 791.7497506141663, 582
1038, 792.6757802963257, 586
1039, 793.6018099784851, 563
1040, 794.5278396606445, 586
1041, 795.453869342804, 578
1042, 796.3798990249634, 587
1043, 797.3059287071228, 609
1044, 798.2319583892822, 547
1045, 799.1579880714417, 529
1046, 800.0840177536011, 540
1047, 801.0100474357605, 545
1048, 801.9360771179199, 519
1049, 802.8621068000793, 585
1050, 803.7881364822388, 536
1051, 804.7141661643982, 567
1052, 805.6401958465576, 546
1053, 806.566225528717, 593
1054, 807.4922552108765, 553
1055, 808.4182848930359, 553
1056, 809.3443145751953, 539
1057, 810.2703442573547, 547
1058, 811.1963739395142, 560
1059, 812.1224036216736, 581
1060, 813.048433303833, 518
1061, 813.9744629859924, 552
1062, 814.9004926681519, 533
1063, 815.8265223503113, 578
1064, 816.7525520324707, 556
1065, 817.6785817146301, 516
1066, 818.6046113967896, 534
1067, 819.530641078949, 497
1068, 820.4566707611084, 560
1069, 821.3827004432678, 547
1070, 822.3087301254272, 538
1071, 823.2347598075867, 570
1072, 824.1607894897461, 531
1073, 825.0868191719055, 586
1074, 826.0128488540649, 536
1075, 826.9388785362244, 499
1076, 827.8649082183838, 516
1077, 828.7909379005432, 517
1078, 829.7169675827026, 499
1079, 830.6429972648621, 523
1080, 831.5690269470215, 558
1081, 832.4950566291809, 571
1082, 833.4210863113403, 487
1083, 834.3471159934998, 529
1084, 835.2731456756592, 516
1085, 836.1991753578186, 547
1086, 837.125205039978, 507
1087, 838.0512347221375, 529
1088, 838.9772644042969, 509
1089, 839.9032940864563, 486
1090, 840.8293237686157, 502
1091, 841.7553534507751, 509
1092, 842.6813831329346, 536
1093, 843.607412815094, 503
1094, 844.5334424972534, 469
1095, 845.4594721794128, 522
1096, 846.3855018615723, 503
1097, 847.3115315437317, 491
1098, 848.2375612258911, 507
1099, 849.1635909080505, 486
1100, 850.08962059021, 526
1101, 851.0156502723694, 460
1102, 851.9416799545288, 505
1103, 852.8677096366882, 504
1104, 853.7937393188477, 459
1105, 854.7197690010071, 461
1106, 855.6457986831665, 486
1107, 856.5718283653259, 515
1108, 857.4978580474854, 518
1109, 858.4238877296448, 512
1110, 859.3499174118042, 485
1111, 860.2759470939636, 448
1112, 861.201976776123, 498
1113, 862.1280064582825, 461
1114, 863.0540361404419, 437
1115, 863.9800658226013, 431
1116, 864.9060955047607, 463
1117, 865.8321251869202, 465
1118, 866.7581548690796, 472
1119, 867.684184551239, 455
1120, 868.6102142333984, 479
1121, 869.5362439155579, 482
1122, 870.4622735977173, 468
1123, 871.3883032798767, 456
1124, 872.3143329620361, 481
1125, 873.2403626441956, 439
1126, 874.166392326355, 503
1127, 875.0924220085144, 498
1128, 876.0184516906738, 481
1129, 876.9444813728333, 486
1130, 877.8705110549927, 512
1131, 878.7965407371521, 438
1132, 879.7225704193115, 500
1133, 880.648600101471, 487
1134, 881.5746297836304, 509
1135, 882.5006594657898, 464
1136, 883.4266891479492, 492
1137, 884.3527188301086, 462
1138, 885.2787485122681, 464
1139, 886.2047781944275, 479
1140, 887.1308078765869, 517
1141, 888.0568375587463, 501
1142, 888.9828672409058, 464
1143, 889.9088969230652, 484
1144, 890.8349266052246, 472
1145, 891.760956287384, 497
1146, 892.6869859695435, 465
1147, 893.6130156517029, 456
1148, 894.5390453338623, 467
1149, 895.4650750160217, 492
1150, 896.3911046981812, 445
1151, 897.3171343803406, 450
1152, 898.2431640625, 464
1153, 899.1691937446594, 481
1154, 900.0952234268188, 466
1155, 901.0212531089783, 486
1156, 901.9472827911377, 462
1157, 902.8733124732971, 479
1158, 903.7993421554565, 508
1159, 904.725371837616, 496
1160, 905.6514015197754, 473
1161, 906.5774312019348, 453
1162, 907.5034608840942, 458
1163, 908.4294905662537, 522
1164, 909.3555202484131, 485
1165, 910.2815499305725, 514
1166, 911.2075796127319, 477
1167, 912.1336092948914, 525
1168, 913.0596389770508, 478
1169, 913.9856686592102, 477
1170, 914.9116983413696, 472
1171, 915.837728023529, 467
1172, 916.7637577056885, 459
1173, 917.6897873878479, 451
1174, 918.6158170700073, 450
1175, 919.5418467521667, 428
1176, 920.4678764343262, 519
1177, 921.3939061164856, 507
1178, 922.319935798645, 460
1179, 923.2459654808044, 479
1180, 924.1719951629639, 485
1181, 925.0980248451233, 440
1182, 926.0240545272827, 490
1183, 926.9500842094421, 477
1184, 927.8761138916016, 504
1185, 928.802143573761, 493
1186, 929.7281732559204, 464
1187, 930.6542029380798, 508
1188, 931.5802326202393, 484
1189, 932.5062623023987, 396
1190, 933.4322919845581, 489
1191, 934.3583216667175, 497
1192, 935.284351348877, 497
1193, 936.2103810310364, 505
1194, 937.1364107131958, 447
1195, 938.0624403953552, 509
1196, 938.9884700775146, 466
1197, 939.9144997596741, 486
1198, 940.8405294418335, 490
1199, 941.7665591239929, 538
1200, 942.6925888061523, 501
1201, 943.6186184883118, 491
1202, 944.5446481704712, 484
1203, 945.4706778526306, 481
1204, 946.39670753479, 495
1205, 947.3227372169495, 456
1206, 948.2487668991089, 531
1207, 949.1747965812683, 464
1208, 950.1008262634277, 481
1209, 951.0268559455872, 485
1210, 951.9528856277466, 481
1211, 952.878915309906, 470
1212, 953.8049449920654, 485
1213, 954.7309746742249, 464
1214, 955.6570043563843, 451
1215, 956.5830340385437, 520
1216, 957.5090637207031, 460
1217, 958.4350934028625, 499
1218, 959.361123085022, 428
1219, 960.2871527671814, 475
1220, 961.2131824493408, 512
1221, 962.1392121315002, 444
1222, 963.0652418136597, 488
1223, 963.9912714958191, 466
1224, 964.9173011779785, 488
1225, 965.8433308601379, 469
1226, 966.7693605422974, 493
1227, 967.6953902244568, 491
1228, 968.6214199066162, 487
1229, 969.5474495887756, 505
1230, 970.4734792709351, 502
1231, 971.3995089530945, 489
1232, 972.3255386352539, 495
1233, 973.2515683174133, 477
1234, 974.1775979995728, 480
1235, 975.1036276817322, 520
1236, 976.0296573638916, 511
1237, 976.955687046051, 498
1238, 977.8817167282104, 491
1239, 978.8077464103699, 475
1240, 979.7337760925293, 525
1241, 980.6598057746887, 503
1242, 981.5858354568481, 521
1243, 982.5118651390076, 438
1244, 983.437894821167, 495
1245, 984.3639245033264, 451
1246, 985.2899541854858, 493
1247, 986.2159838676453, 495
1248, 987.1420135498047, 465
1249, 988.0680432319641, 467
1250, 988.9940729141235, 500
1251, 989.920102596283, 484
1252, 990.8461322784424, 440
1253, 991.7721619606018, 484
1254, 992.6981916427612, 482
1255, 993.6242213249207, 487
1256, 994.5502510070801, 484
1257, 995.4762806892395, 492
1258, 996.4023103713989, 486
1259, 997.3283400535583, 511
1260, 998.2543697357178, 487
1261, 999.1803994178772, 508
1262, 1000.1064291000366, 488
1263, 1001.032458782196, 484
1264, 1001.9584884643555, 486
1265, 1002.8845181465149, 464
1266, 1003.8105478286743, 479
1267, 1004.7365775108337, 510
1268, 1005.6626071929932, 482
1269, 1006.5886368751526, 449
1270, 1007.514666557312, 460
1271, 1008.4406962394714, 462
1272, 1009.3667259216309, 443
1273, 1010.2927556037903, 515
1274, 1011.2187852859497, 476
1275, 1012.1448149681091, 483
1276, 1013.0708446502686, 489
1277, 1013.996874332428, 498
1278, 1014.9229040145874, 458
1279, 1015.8489336967468, 496
1280, 1016.7749633789063, 524
1281, 1017.7009930610657, 498
1282, 1018.6270227432251, 498
1283, 1019.5530524253845, 446
1284, 1020.479082107544, 448
1285, 1021.4051117897034, 488
1286, 1022.3311414718628, 416
1287, 1023.2571711540222, 497
1288, 1024.1832008361816, 446
1289, 1025.109230518341, 433
1290, 1026.0352602005005, 487
1291, 1026.96128988266, 468
1292, 1027.8873195648193, 445
1293, 1028.8133492469788, 460
1294, 1029.7393789291382, 450
1295, 1030.6654086112976, 455
1296, 1031.591438293457, 488
1297, 1032.5174679756165, 432
1298, 1033.4434976577759, 465
1299, 1034.3695273399353, 425
1300, 1035.2955570220947, 414
1301, 1036.2215867042542, 442
1302, 1037.1476163864136, 447
1303, 1038.073646068573, 443
1304, 1038.9996757507324, 440
1305, 1039.9257054328918, 414
1306, 1040.8517351150513, 428
1307, 1041.7777647972107, 422
1308, 1042.7037944793701, 400
1309, 1043.6298241615295, 365
1310, 1044.555853843689, 391
1311, 1045.4818835258484, 401
1312, 1046.4079132080078, 373
1313, 1047.3339428901672, 376
1314, 1048.2599725723267, 395
1315, 1049.186002254486, 370
1316, 1050.1120319366455, 384
1317, 1051.038061618805, 388
1318, 1051.9640913009644, 384
1319, 1052.8901209831238, 375
1320, 1053.8161506652832, 371
1321, 1054.7421803474426, 405
1322, 1055.668210029602, 401
1323, 1056.5942397117615, 381
1324, 1057.520269393921, 376
1325, 1058.4462990760803, 383
1326, 1059.3723287582397, 382
1327, 1060.2983584403992, 367
1328, 1061.2243881225586, 371
1329, 1062.150417804718, 369
1330, 1063.0764474868774, 393
1331, 1064.0024771690369, 374
1332, 1064.9285068511963, 363
1333, 1065.8545365333557, 342
1334, 1066.7805662155151, 365
1335, 1067.7065958976746, 353
1336, 1068.632625579834, 364
1337, 1069.5586552619934, 355
1338, 1070.4846849441528, 338
1339, 1071.4107146263123, 352
1340, 1072.3367443084717, 329
1341, 1073.262773990631, 332
1342, 1074.1888036727905, 344
1343, 1075.11483335495, 334
1344, 1076.0408630371094, 351
1345, 1076.9668927192688, 333
1346, 1077.8929224014282, 333
1347, 1078.8189520835876, 369
1348, 1079.744981765747, 352
1349, 1080.6710114479065, 346
1350, 1081.597041130066, 336
1351, 1082.5230708122253, 318
1352, 1083.4491004943848, 326
1353, 1084.3751301765442, 337
1354, 1085.3011598587036, 371
1355, 1086.227189540863, 339
1356, 1087.1532192230225, 342
1357, 1088.0792489051819, 341
1358, 1089.0052785873413, 357
1359, 1089.9313082695007, 346
1360, 1090.8573379516602, 340
1361, 1091.7833676338196, 342
1362, 1092.709397315979, 349
1363, 1093.6354269981384, 322
1364, 1094.5614566802979, 315
1365, 1095.4874863624573, 323
1366, 1096.4135160446167, 382
1367, 1097.3395457267761, 299
1368, 1098.2655754089355, 309
1369, 1099.191605091095, 310
1370, 1100.1176347732544, 311
1371, 1101.0436644554138, 321
1372, 1101.9696941375732, 351
1373, 1102.8957238197327, 339
1374, 1103.821753501892, 361
1375, 1104.7477831840515, 322
1376, 1105.673812866211, 363
1377, 1106.5998425483704, 330
1378, 1107.5258722305298, 333
1379, 1108.4519019126892, 335
1380, 1109.3779315948486, 358
1381, 1110.303961277008, 331
1382, 1111.2299909591675, 348
1383, 1112.156020641327, 332
1384, 1113.0820503234863, 374
1385, 1114.0080800056458, 314
1386, 1114.9341096878052, 325
1387, 1115.8601393699646, 318
1388, 1116.786169052124, 359
1389, 1117.7121987342834, 318
1390, 1118.6382284164429, 343
1391, 1119.5642580986023, 347
1392, 1120.4902877807617, 385
1393, 1121.4163174629211, 323
1394, 1122.3423471450806, 355
1395, 1123.26837682724, 372
1396, 1124.1944065093994, 390
1397, 1125.1204361915588, 373
1398, 1126.0464658737183, 364
1399, 1126.9724955558777, 369
1400, 1127.898525238037, 390
1401, 1128.8245549201965, 366
1402, 1129.750584602356, 362
1403, 1130.6766142845154, 397
1404, 1131.6026439666748, 355
1405, 1132.5286736488342, 364
1406, 1133.4547033309937, 390
1407, 1134.380733013153, 387
1408, 1135.3067626953125, 369
1409, 1136.232792377472, 392
1410, 1137.1588220596313, 386
1411, 1138.0848517417908, 412
1412, 1139.0108814239502, 414
1413, 1139.9369111061096, 398
1414, 1140.862940788269, 374
1415, 1141.7889704704285, 386
1416, 1142.715000152588, 389
1417, 1143.6410298347473, 376
1418, 1144.5670595169067, 422
1419, 1145.4930891990662, 372
1420, 1146.4191188812256, 388
1421, 1147.345148563385, 410
1422, 1148.2711782455444, 383
1423, 1149.1972079277039, 435
1424, 1150.1232376098633, 430
1425, 1151.0492672920227, 421
1426, 1151.9752969741821, 428
1427, 1152.9013266563416, 413
1428, 1153.827356338501, 412
1429, 1154.7533860206604, 433
1430, 1155.6794157028198, 492
1431, 1156.6054453849792, 416
1432, 1157.5314750671387, 449
1433, 1158.457504749298, 482
1434, 1159.3835344314575, 431
1435, 1160.309564113617, 473
1436, 1161.2355937957764, 493
1437, 1162.1616234779358, 440
1438, 1163.0876531600952, 467
1439, 1164.0136828422546, 453
1440, 1164.939712524414, 428
1441, 1165.8657422065735, 467
1442, 1166.791771888733, 490
1443, 1167.7178015708923, 494
1444, 1168.6438312530518, 448
1445, 1169.5698609352112, 529
1446, 1170.4958906173706, 509
1447, 1171.42192029953, 466
1448, 1172.3479499816895, 452
1449, 1173.2739796638489, 497
1450, 1174.2000093460083, 542
1451, 1175.1260390281677, 518
1452, 1176.0520687103271, 548
1453, 1176.9780983924866, 512
1454, 1177.904128074646, 542
1455, 1178.8301577568054, 543
1456, 1179.7561874389648, 542
1457, 1180.6822171211243, 487
1458, 1181.6082468032837, 546
1459, 1182.5342764854431, 582
1460, 1183.4603061676025, 592
1461, 1184.386335849762, 573
1462, 1185.3123655319214, 580
1463, 1186.2383952140808, 586
1464, 1187.1644248962402, 595
1465, 1188.0904545783997, 657
1466, 1189.016484260559, 635
1467, 1189.9425139427185, 622
1468, 1190.868543624878, 671
1469, 1191.7945733070374, 625
1470, 1192.7206029891968, 691
1471, 1193.6466326713562, 635
1472, 1194.5726623535156, 673
1473, 1195.498692035675, 668
1474, 1196.4247217178345, 710
1475, 1197.350751399994, 736
1476, 1198.2767810821533, 710
1477, 1199.2028107643127, 717
1478, 1200.1288404464722, 679
1479, 1201.0548701286316, 737
1480, 1201.980899810791, 712
1481, 1202.9069294929504, 769
1482, 1203.8329591751099, 781
1483, 1204.7589888572693, 787
1484, 1205.6850185394287, 807
1485, 1206.6110482215881, 840
1486, 1207.5370779037476, 792
1487, 1208.463107585907, 828
1488, 1209.3891372680664, 866
1489, 1210.3151669502258, 858
1490, 1211.2411966323853, 786
1491, 1212.1672263145447, 852
1492, 1213.093255996704, 840
1493, 1214.0192856788635, 897
1494, 1214.945315361023, 865
1495, 1215.8713450431824, 894
1496, 1216.7973747253418, 933
1497, 1217.7234044075012, 914
1498, 1218.6494340896606, 960
1499, 1219.57546377182, 940
1500, 1220.5014934539795, 941
1501, 1221.427523136139, 931
1502, 1222.3535528182983, 961
1503, 1223.2795825004578, 993
1504, 1224.2056121826172, 966
1505, 1225.1316418647766, 967
1506, 1226.057671546936, 1000
1507, 1226.9837012290955, 963
1508, 1227.9097309112549, 1011
1509, 1228.8357605934143, 1012
1510, 1229.7617902755737, 1081
1511, 1230.6878199577332, 967
1512, 1231.6138496398926, 1044
1513, 1232.539879322052, 1110
1514, 1233.4659090042114, 1071
1515, 1234.3919386863708, 1069
1516, 1235.3179683685303, 1046
1517, 1236.2439980506897, 1063
1518, 1237.1700277328491, 1099
1519, 1238.0960574150085, 1154
1520, 1239.022087097168, 1114
1521, 1239.9481167793274, 1149
1522, 1240.8741464614868, 1093
1523, 1241.8001761436462, 1196
1524, 1242.7262058258057, 1090
1525, 1243.652235507965, 1195
1526, 1244.5782651901245, 1077
1527, 1245.504294872284, 1161
1528, 1246.4303245544434, 1157
1529, 1247.3563542366028, 1097
1530, 1248.2823839187622, 1195
1531, 1249.2084136009216, 1184
1532, 1250.134443283081, 1104
1533, 1251.0604729652405, 1145
1534, 1251.9865026474, 1262
1535, 1252.9125323295593, 1218
1536, 1253.8385620117188, 1159
1537, 1254.7645916938782, 1164
1538, 1255.6906213760376, 1243
1539, 1256.616651058197, 1219
1540, 1257.5426807403564, 1136
1541, 1258.4687104225159, 1170
1542, 1259.3947401046753, 1199
1543, 1260.3207697868347, 1125
1544, 1261.2467994689941, 1162
1545, 1262.1728291511536, 1230
1546, 1263.098858833313, 1247
1547, 1264.0248885154724, 1213
1548, 1264.9509181976318, 1186
1549, 1265.8769478797913, 1205
1550, 1266.8029775619507, 1209
1551, 1267.72900724411, 1184
1552, 1268.6550369262695, 1129
1553, 1269.581066608429, 1163
1554, 1270.5070962905884, 1136
1555, 1271.4331259727478, 1168
1556, 1272.3591556549072, 1147
1557, 1273.2851853370667, 1201
1558, 1274.211215019226, 1145
1559, 1275.1372447013855, 1094
1560, 1276.063274383545, 1106
1561, 1276.9893040657043, 1130
1562, 1277.9153337478638, 1079
1563, 1278.8413634300232, 1096
1564, 1279.7673931121826, 1095
1565, 1280.693422794342, 1097
1566, 1281.6194524765015, 1024
1567, 1282.545482158661, 1038
1568, 1283.4715118408203, 1007
1569, 1284.3975415229797, 1073
1570, 1285.3235712051392, 1046
1571, 1286.2496008872986, 974
1572, 1287.175630569458, 973
1573, 1288.1016602516174, 1007
1574, 1289.0276899337769, 982
1575, 1289.9537196159363, 1016
1576, 1290.8797492980957, 961
1577, 1291.8057789802551, 965
1578, 1292.7318086624146, 1011
1579, 1293.657838344574, 921
1580, 1294.5838680267334, 959
1581, 1295.5098977088928, 933
1582, 1296.4359273910522, 892
1583, 1297.3619570732117, 883
1584, 1298.287986755371, 906
1585, 1299.2140164375305, 846
1586, 1300.14004611969, 842
1587, 1301.0660758018494, 869
1588, 1301.9921054840088, 782
1589, 1302.9181351661682, 834
1590, 1303.8441648483276, 821
1591, 1304.770194530487, 751
1592, 1305.6962242126465, 790
1593, 1306.622253894806, 794
1594, 1307.5482835769653, 700
1595, 1308.4743132591248, 677
1596, 1309.4003429412842, 742
1597, 1310.3263726234436, 684
1598, 1311.252402305603, 711
1599, 1312.1784319877625, 683
1600, 1313.1044616699219, 648
1601, 1314.0304913520813, 684
1602, 1314.9565210342407, 652
1603, 1315.8825507164001, 655
1604, 1316.8085803985596, 616
1605, 1317.734610080719, 526
1606, 1318.6606397628784, 571
1607, 1319.5866694450378, 557
1608, 1320.5126991271973, 588
1609, 1321.4387288093567, 577
1610, 1322.364758491516, 552
1611, 1323.2907881736755, 523
1612, 1324.216817855835, 528
1613, 1325.1428475379944, 519
1614, 1326.0688772201538, 504
1615, 1326.9949069023132, 499
1616, 1327.9209365844727, 479
1617, 1328.846966266632, 551
1618, 1329.7729959487915, 464
1619, 1330.699025630951, 423
1620, 1331.6250553131104, 434
1621, 1332.5510849952698, 420
1622, 1333.4771146774292, 459
1623, 1334.4031443595886, 420
1624, 1335.329174041748, 399
1625, 1336.2552037239075, 390
1626, 1337.181233406067, 404
1627, 1338.1072630882263, 375
1628, 1339.0332927703857, 378
1629, 1339.9593224525452, 380
1630, 1340.8853521347046, 376
1631, 1341.811381816864, 330
1632, 1342.7374114990234, 332
1633, 1343.6634411811829, 364
1634, 1344.5894708633423, 303
1635, 1345.5155005455017, 338
1636, 1346.4415302276611, 345
1637, 1347.3675599098206, 322
1638, 1348.29358959198, 332
1639, 1349.2196192741394, 350
1640, 1350.1456489562988, 319
1641, 1351.0716786384583, 326
1642, 1351.9977083206177, 319
1643, 1352.923738002777, 315
1644, 1353.8497676849365, 299
1645, 1354.775797367096, 316
1646, 1355.7018270492554, 307
1647, 1356.6278567314148, 297
1648, 1357.5538864135742, 303
1649, 1358.4799160957336, 344
1650, 1359.405945777893, 318
1651, 1360.3319754600525, 332
1652, 1361.258005142212, 340
1653, 1362.1840348243713, 351
1654, 1363.1100645065308, 364
1655, 1364.0360941886902, 318
1656, 1364.9621238708496, 290
1657, 1365.888153553009, 335
1658, 1366.8141832351685, 330
1659, 1367.7402129173279, 342
1660, 1368.6662425994873, 328
1661, 1369.5922722816467, 370
1662, 1370.5183019638062, 381
1663, 1371.4443316459656, 342
1664, 1372.370361328125, 370
1665, 1373.2963910102844, 344
1666, 1374.2224206924438, 371
1667, 1375.1484503746033, 354
1668, 1376.0744800567627, 369
1669, 1377.0005097389221, 379
1670, 1377.9265394210815, 394
1671, 1378.852569103241, 399
1672, 1379.7785987854004, 376
1673, 1380.7046284675598, 458
1674, 1381.6306581497192, 454
1675, 1382.5566878318787, 377
1676, 1383.482717514038, 434
1677, 1384.4087471961975, 454
1678, 1385.334776878357, 437
1679, 1386.2608065605164, 490
1680, 1387.1868362426758, 519
1681, 1388.1128659248352, 449
1682, 1389.0388956069946, 491
1683, 1389.964925289154, 492
1684, 1390.8909549713135, 504
1685, 1391.816984653473, 518
1686, 1392.7430143356323, 470
1687, 1393.6690440177917, 540
1688, 1394.5950736999512, 549
1689, 1395.5211033821106, 471
1690, 1396.44713306427, 556
1691, 1397.3731627464294, 559
1692, 1398.2991924285889, 583
1693, 1399.2252221107483, 585
1694, 1400.1512517929077, 594
1695, 1401.0772814750671, 584
1696, 1402.0033111572266, 597
1697, 1402.929340839386, 573
1698, 1403.8553705215454, 616
1699, 1404.7814002037048, 610
1700, 1405.7074298858643, 633
1701, 1406.6334595680237, 640
1702, 1407.559489250183, 648
1703, 1408.4855189323425, 657
1704, 1409.411548614502, 687
1705, 1410.3375782966614, 667
1706, 1411.2636079788208, 729
1707, 1412.1896376609802, 695
1708, 1413.1156673431396, 691
1709, 1414.041697025299, 742
1710, 1414.9677267074585, 726
1711, 1415.893756389618, 688
1712, 1416.8197860717773, 748
1713, 1417.7458157539368, 707
1714, 1418.6718454360962, 779
1715, 1419.5978751182556, 764
1716, 1420.523904800415, 785
1717, 1421.4499344825745, 744
1718, 1422.375964164734, 738
1719, 1423.3019938468933, 742
1720, 1424.2280235290527, 813
1721, 1425.1540532112122, 797
1722, 1426.0800828933716, 806
1723, 1427.006112575531, 806
1724, 1427.9321422576904, 835
1725, 1428.8581719398499, 827
1726, 1429.7842016220093, 846
1727, 1430.7102313041687, 818
1728, 1431.6362609863281, 848
1729, 1432.5622906684875, 831
1730, 1433.488320350647, 855
1731, 1434.4143500328064, 867
1732, 1435.3403797149658, 864
1733, 1436.2664093971252, 850
1734, 1437.1924390792847, 870
1735, 1438.118468761444, 906
1736, 1439.0444984436035, 853
1737, 1439.970528125763, 867
1738, 1440.8965578079224, 846
1739, 1441.8225874900818, 875
1740, 1442.7486171722412, 843
1741, 1443.6746468544006, 884
1742, 1444.60067653656, 859
1743, 1445.5267062187195, 915
1744, 1446.452735900879, 864
1745, 1447.3787655830383, 852
1746, 1448.3047952651978, 851
1747, 1449.2308249473572, 938
1748, 1450.1568546295166, 884
1749, 1451.082884311676, 877
1750, 1452.0089139938354, 913
1751, 1452.9349436759949, 915
1752, 1453.8609733581543, 860
1753, 1454.7870030403137, 860
1754, 1455.7130327224731, 860
1755, 1456.6390624046326, 889
1756, 1457.565092086792, 908
1757, 1458.4911217689514, 836
1758, 1459.4171514511108, 891
1759, 1460.3431811332703, 896
1760, 1461.2692108154297, 878
1761, 1462.195240497589, 898
1762, 1463.1212701797485, 877
1763, 1464.047299861908, 874
1764, 1464.9733295440674, 906
1765, 1465.8993592262268, 871
1766, 1466.8253889083862, 892
1767, 1467.7514185905457, 870
1768, 1468.677448272705, 894
1769, 1469.6034779548645, 887
1770, 1470.529507637024, 808
1771, 1471.4555373191833, 861
1772, 1472.3815670013428, 844
1773, 1473.3075966835022, 827
1774, 1474.2336263656616, 756
1775, 1475.159656047821, 810
1776, 1476.0856857299805, 844
1777, 1477.01171541214, 806
1778, 1477.9377450942993, 807
1779, 1478.8637747764587, 788
1780, 1479.7898044586182, 785
1781, 1480.7158341407776, 745
1782, 1481.641863822937, 783
1783, 1482.5678935050964, 792
1784, 1483.4939231872559, 815
1785, 1484.4199528694153, 738
1786, 1485.3459825515747, 755
1787, 1486.2720122337341, 798
1788, 1487.1980419158936, 761
1789, 1488.124071598053, 693
1790, 1489.0501012802124, 748
1791, 1489.9761309623718, 694
1792, 1490.9021606445313, 666
1793, 1491.8281903266907, 671
1794, 1492.75422000885, 641
1795, 1493.6802496910095, 714
1796, 1494.606279373169, 674
1797, 1495.5323090553284, 656
1798, 1496.4583387374878, 705
1799, 1497.3843684196472, 640
1800, 1498.3103981018066, 688
1801, 1499.236427783966, 625
1802, 1500.1624574661255, 600
1803, 1501.088487148285, 596
1804, 1502.0145168304443, 618
1805, 1502.9405465126038, 603
1806, 1503.8665761947632, 572
1807, 1504.7926058769226, 569
1808, 1505.718635559082, 551
1809, 1506.6446652412415, 562
1810, 1507.5706949234009, 519
1811, 1508.4967246055603, 553
1812, 1509.4227542877197, 527
1813, 1510.3487839698792, 504
1814, 1511.2748136520386, 481
1815, 1512.200843334198, 532
1816, 1513.1268730163574, 491
1817, 1514.0529026985168, 452
1818, 1514.9789323806763, 471
1819, 1515.9049620628357, 506
1820, 1516.8309917449951, 512
1821, 1517.7570214271545, 485
1822, 1518.683051109314, 432
1823, 1519.6090807914734, 487
1824, 1520.5351104736328, 440
1825, 1521.4611401557922, 430
1826, 1522.3871698379517, 449
1827, 1523.313199520111, 384
1828, 1524.2392292022705, 395
1829, 1525.16525888443, 382
1830, 1526.0912885665894, 409
1831, 1527.0173182487488, 374
1832, 1527.9433479309082, 386
1833, 1528.8693776130676, 330
1834, 1529.795407295227, 372
1835, 1530.7214369773865, 340
1836, 1531.647466659546, 350
1837, 1532.5734963417053, 328
1838, 1533.4995260238647, 301
1839, 1534.4255557060242, 327
1840, 1535.3515853881836, 344
1841, 1536.277615070343, 295
1842, 1537.2036447525024, 300
1843, 1538.1296744346619, 271
1844, 1539.0557041168213, 269
1845, 1539.9817337989807, 283
1846, 1540.9077634811401, 256
1847, 1541.8337931632996, 251
1848, 1542.759822845459, 243
1849, 1543.6858525276184, 250
1850, 1544.6118822097778, 248
1851, 1545.5379118919373, 256
1852, 1546.4639415740967, 241
1853, 1547.389971256256, 247
1854, 1548.3160009384155, 220
1855, 1549.242030620575, 228
1856, 1550.1680603027344, 233
1857, 1551.0940899848938, 173
1858, 1552.0201196670532, 211
1859, 1552.9461493492126, 204
1860, 1553.872179031372, 227
1861, 1554.7982087135315, 213
1862, 1555.724238395691, 200
1863, 1556.6502680778503, 203
1864, 1557.5762977600098, 191
1865, 1558.5023274421692, 209
1866, 1559.4283571243286, 172
1867, 1560.354386806488, 183
1868, 1561.2804164886475, 167
1869, 1562.2064461708069, 198
1870, 1563.1324758529663, 172
1871, 1564.0585055351257, 169
1872, 1564.9845352172852, 161
1873, 1565.9105648994446, 161
1874, 1566.836594581604, 177
1875, 1567.7626242637634, 153
1876, 1568.6886539459229, 183
1877, 1569.6146836280823, 131
1878, 1570.5407133102417, 138
1879, 1571.4667429924011, 130
1880, 1572.3927726745605, 133
1881, 1573.31880235672, 157
1882, 1574.2448320388794, 139
1883, 1575.1708617210388, 146
1884, 1576.0968914031982, 145
1885, 1577.0229210853577, 121
1886, 1577.948950767517, 127
1887, 1578.8749804496765, 110
1888, 1579.801010131836, 127
1889, 1580.7270398139954, 126
1890, 1581.6530694961548, 105
1891, 1582.5790991783142, 115
1892, 1583.5051288604736, 136
1893, 1584.431158542633, 120
1894, 1585.3571882247925, 103
1895, 1586.283217906952, 142
1896, 1587.2092475891113, 141
1897, 1588.1352772712708, 112
1898, 1589.0613069534302, 126
1899, 1589.9873366355896, 137
1900, 1590.913366317749, 111
1901, 1591.8393959999084, 121
1902, 1592.7654256820679, 119
1903, 1593.6914553642273, 84
1904, 1594.6174850463867, 101
1905, 1595.5435147285461, 127
1906, 1596.4695444107056, 116
1907, 1597.395574092865, 108
1908, 1598.3216037750244, 96
1909, 1599.2476334571838, 117
1910, 1600.1736631393433, 107
1911, 1601.0996928215027, 93
1912, 1602.025722503662, 108
1913, 1602.9517521858215, 105
1914, 1603.877781867981, 90
1915, 1604.8038115501404, 116
1916, 1605.7298412322998, 97
1917, 1606.6558709144592, 77
1918, 1607.5819005966187, 88
1919, 1608.507930278778, 98
1920, 1609.4339599609375, 80
1921, 1610.359989643097, 106
1922, 1611.2860193252563, 97
1923, 1612.2120490074158, 88
1924, 1613.1380786895752, 94
1925, 1614.0641083717346, 110
1926, 1614.990138053894, 100
1927, 1615.9161677360535, 93
1928, 1616.842197418213, 81
1929, 1617.7682271003723, 93
1930, 1618.6942567825317, 97
1931, 1619.6202864646912, 81
1932, 1620.5463161468506, 72
1933, 1621.47234582901, 75
1934, 1622.3983755111694, 68
1935, 1623.3244051933289, 76
1936, 1624.2504348754883, 73
1937, 1625.1764645576477, 85
1938, 1626.1024942398071, 69
1939, 1627.0285239219666, 84
1940, 1627.954553604126, 62
1941, 1628.8805832862854, 76
1942, 1629.8066129684448, 71
1943, 1630.7326426506042, 65
1944, 1631.6586723327637, 59
1945, 1632.584702014923, 63
1946, 1633.5107316970825, 77
1947, 1634.436761379242, 57
1948, 1635.3627910614014, 75
1949, 1636.2888207435608, 87
1950, 1637.2148504257202, 59
1951, 1638.1408801078796, 63
1952, 1639.066909790039, 72
1953, 1639.9929394721985, 60
1954, 1640.918969154358, 65
1955, 1641.8449988365173, 74
1956, 1642.7710285186768, 54
1957, 1643.6970582008362, 67
1958, 1644.6230878829956, 57
1959, 1645.549117565155, 63
1960, 1646.4751472473145, 57
1961, 1647.4011769294739, 74
1962, 1648.3272066116333, 58
1963, 1649.2532362937927, 72
1964, 1650.1792659759521, 56
1965, 1651.1052956581116, 69
1966, 1652.031325340271, 59
1967, 1652.9573550224304, 75
1968, 1653.8833847045898, 67
1969, 1654.8094143867493, 54
1970, 1655.7354440689087, 53
1971, 1656.6614737510681, 45
1972, 1657.5875034332275, 53
1973, 1658.513533115387, 63
1974, 1659.4395627975464, 55
1975, 1660.3655924797058, 49
1976, 1661.2916221618652, 51
1977, 1662.2176518440247, 50
1978, 1663.143681526184, 59
1979, 1664.0697112083435, 53
1980, 1664.995740890503, 50
1981, 1665.9217705726624, 70
1982, 1666.8478002548218, 50
1983, 1667.7738299369812, 54
1984, 1668.6998596191406, 45
1985, 1669.6258893013, 70
1986, 1670.5519189834595, 47
1987, 1671.477948665619, 54
1988, 1672.4039783477783, 37
1989, 1673.3300080299377, 41
1990, 1674.2560377120972, 54
1991, 1675.1820673942566, 48
1992, 1676.108097076416, 46
1993, 1677.0341267585754, 37
1994, 1677.9601564407349, 63
1995, 1678.8861861228943, 58
1996, 1679.8122158050537, 54
1997, 1680.7382454872131, 57
1998, 1681.6642751693726, 62
1999, 1682.590304851532, 57
2000, 1683.5163345336914, 53
2001, 1684.4423642158508, 42
2002, 1685.3683938980103, 54
2003, 1686.2944235801697, 49
2004, 1687.220453262329, 53
2005, 1688.1464829444885, 43
2006, 1689.072512626648, 44
2007, 1689.9985423088074, 54
2008, 1690.9245719909668, 45
2009, 1691.8506016731262, 51
2010, 1692.7766313552856, 54
2011, 1693.702661037445, 47
2012, 1694.6286907196045, 48
2013, 1695.554720401764, 50
2014, 1696.4807500839233, 48
2015, 1697.4067797660828, 39
2016, 1698.3328094482422, 58
2017, 1699.2588391304016, 44
2018, 1700.184868812561, 50
2019, 1701.1108984947205, 41
2020, 1702.0369281768799, 41
2021, 1702.9629578590393, 48
2022, 1703.8889875411987, 47
2023, 1704.8150172233582, 59
2024, 1705.7410469055176, 58
2025, 1706.667076587677, 48
2026, 1707.5931062698364, 38
2027, 1708.5191359519958, 54
2028, 1709.4451656341553, 38
2029, 1710.3711953163147, 48
2030, 1711.2972249984741, 43
2031, 1712.2232546806335, 38
2032, 1713.149284362793, 49
2033, 1714.0753140449524, 41
2034, 1715.0013437271118, 41
2035, 1715.9273734092712, 45
2036, 1716.8534030914307, 38
2037, 1717.77943277359, 37
2038, 1718.7054624557495, 39
2039, 1719.631492137909, 37
2040, 1720.5575218200684, 43
2041, 1721.4835515022278, 40
2042, 1722.4095811843872, 46
2043, 1723.3356108665466, 42
2044, 1724.261640548706, 47
2045, 1725.1876702308655, 37
2046, 1726.113699913025, 50
2047, 1727.0397295951843, 38
2048, 1727.9657592773438, 46
